id,protocol,ground_truth,prediction,ensemble_score,signature,explanation
F2025-1,TCP,DOS,ALERT,0.910572,"No rule matched","No rule matched; SYN ratio is 4.62 standard deviations from the normal baseline"
F2025-2,TCP,EXFILTRATION,ALERT,0.636814,"No rule matched","No rule matched; log bytes is 2.88 standard deviations from the normal baseline"
F2025-3,TCP,NORMAL,NORMAL,0.063589,"No rule matched","No rule matched; log duration is 1.43 standard deviations from the normal baseline"
F2025-4,TCP,DOS,ALERT,0.960169,"No rule matched","No rule matched; SYN ratio is 6.38 standard deviations from the normal baseline"
F2025-5,TCP,NORMAL,NORMAL,0.071073,"No rule matched","No rule matched; log destination ports is 0.77 standard deviations from the normal baseline"
F2025-6,UDP,NORMAL,NORMAL,0.085667,"No rule matched","No rule matched; log packets/s is 1.58 standard deviations from the normal baseline"
F2025-7,TCP,DOS,ALERT,0.971320,"SYN flood pattern","SYN flood pattern; SYN ratio is 5.71 standard deviations from the normal baseline"
F2025-8,TCP,PORT_SCAN,ALERT,0.996150,"No rule matched","No rule matched; SYN ratio is 6.98 standard deviations from the normal baseline"
F2025-9,TCP,BRUTE_FORCE,ALERT,0.950000,"Repeated login failures","Repeated login failures; log failed logins is 7.02 standard deviations from the normal baseline"
F2025-10,TCP,NORMAL,NORMAL,0.197524,"No rule matched","No rule matched; log failed logins is 2.86 standard deviations from the normal baseline"
F2025-11,TCP,EXFILTRATION,ALERT,0.950000,"Large transfer pattern","Large transfer pattern; log bytes is 3.01 standard deviations from the normal baseline"
F2025-12,TCP,DOS,ALERT,0.994156,"SYN flood pattern","SYN flood pattern; SYN ratio is 6.99 standard deviations from the normal baseline"
F2025-13,UDP,NORMAL,NORMAL,0.060836,"No rule matched","No rule matched; SYN ratio is 1.10 standard deviations from the normal baseline"
F2025-14,TCP,BRUTE_FORCE,ALERT,0.984776,"Repeated login failures","Repeated login failures; log failed logins is 8.35 standard deviations from the normal baseline"
F2025-15,UDP,NORMAL,NORMAL,0.098136,"No rule matched","No rule matched; log packets/s is 2.30 standard deviations from the normal baseline"
F2025-16,UDP,DOS,ALERT,0.913346,"No rule matched","No rule matched; SYN ratio is 4.76 standard deviations from the normal baseline"
F2025-17,TCP,DOS,ALERT,0.915366,"No rule matched","No rule matched; SYN ratio is 3.57 standard deviations from the normal baseline"
F2025-18,UDP,NORMAL,NORMAL,0.066097,"No rule matched","No rule matched; log bytes is 0.93 standard deviations from the normal baseline"
F2025-19,TCP,NORMAL,NORMAL,0.084044,"No rule matched","No rule matched; log destination ports is 1.71 standard deviations from the normal baseline"
F2025-20,TCP,NORMAL,NORMAL,0.102342,"No rule matched","No rule matched; SYN ratio is 1.50 standard deviations from the normal baseline"
F2025-21,TCP,NORMAL,NORMAL,0.078027,"No rule matched","No rule matched; log destination ports is 1.71 standard deviations from the normal baseline"
F2025-22,TCP,NORMAL,NORMAL,0.112849,"No rule matched","No rule matched; log duration is 0.99 standard deviations from the normal baseline"
F2025-23,TCP,DOS,ALERT,0.990949,"SYN flood pattern","SYN flood pattern; SYN ratio is 6.04 standard deviations from the normal baseline"
F2025-24,TCP,BRUTE_FORCE,ALERT,0.902947,"No rule matched","No rule matched; log failed logins is 5.97 standard deviations from the normal baseline"
F2025-25,ICMP,DOS,ALERT,0.868534,"No rule matched","No rule matched; SYN ratio is 4.47 standard deviations from the normal baseline"
F2025-26,TCP,NORMAL,NORMAL,0.090588,"No rule matched","No rule matched; log destination ports is 1.71 standard deviations from the normal baseline"
F2025-27,TCP,NORMAL,NORMAL,0.115807,"No rule matched","No rule matched; log failed logins is 1.71 standard deviations from the normal baseline"
F2025-28,TCP,BRUTE_FORCE,ALERT,0.772598,"No rule matched","No rule matched; log failed logins is 4.71 standard deviations from the normal baseline"
F2025-29,TCP,DOS,ALERT,0.974525,"SYN flood pattern","SYN flood pattern; SYN ratio is 6.51 standard deviations from the normal baseline"
F2025-30,TCP,BRUTE_FORCE,ALERT,0.886704,"No rule matched","No rule matched; log failed logins is 5.28 standard deviations from the normal baseline"
F2025-31,TCP,DOS,ALERT,0.985336,"No rule matched","No rule matched; SYN ratio is 6.05 standard deviations from the normal baseline"
F2025-32,TCP,NORMAL,NORMAL,0.074121,"No rule matched","No rule matched; log destination ports is 1.71 standard deviations from the normal baseline"
F2025-33,TCP,DOS,ALERT,0.996978,"SYN flood pattern","SYN flood pattern; SYN ratio is 7.73 standard deviations from the normal baseline"
F2025-34,UDP,NORMAL,NORMAL,0.050482,"No rule matched","No rule matched; SYN ratio is 0.58 standard deviations from the normal baseline"
F2025-35,TCP,DOS,ALERT,0.761477,"No rule matched","No rule matched; log duration is 3.04 standard deviations from the normal baseline"
F2025-36,TCP,EXFILTRATION,ALERT,0.790113,"No rule matched","No rule matched; log bytes is 2.47 standard deviations from the normal baseline"
F2025-37,TCP,BRUTE_FORCE,ALERT,0.975145,"Repeated login failures","Repeated login failures; log failed logins is 8.93 standard deviations from the normal baseline"
F2025-38,TCP,NORMAL,NORMAL,0.080816,"No rule matched","No rule matched; log bytes is 1.05 standard deviations from the normal baseline"
F2025-39,ICMP,DOS,ALERT,0.996722,"SYN flood pattern","SYN flood pattern; SYN ratio is 7.88 standard deviations from the normal baseline"
F2025-40,TCP,BRUTE_FORCE,ALERT,0.928659,"No rule matched","No rule matched; log failed logins is 6.04 standard deviations from the normal baseline"
F2025-41,TCP,EXFILTRATION,ALERT,0.655050,"No rule matched","No rule matched; log bytes is 2.09 standard deviations from the normal baseline"
F2025-42,TCP,NORMAL,NORMAL,0.215173,"No rule matched","No rule matched; log packets/s is 3.57 standard deviations from the normal baseline"
F2025-43,ICMP,NORMAL,NORMAL,0.051243,"No rule matched","No rule matched; log duration is 1.35 standard deviations from the normal baseline"
F2025-44,TCP,DOS,ALERT,0.965831,"No rule matched","No rule matched; SYN ratio is 5.51 standard deviations from the normal baseline"
F2025-45,TCP,PORT_SCAN,ALERT,0.893451,"No rule matched","No rule matched; log destination ports is 3.80 standard deviations from the normal baseline"
F2025-46,TCP,BRUTE_FORCE,ALERT,0.950000,"Repeated login failures","Repeated login failures; log failed logins is 7.30 standard deviations from the normal baseline"
F2025-47,TCP,NORMAL,NORMAL,0.210607,"No rule matched","No rule matched; log duration is 1.58 standard deviations from the normal baseline"
F2025-48,TCP,BRUTE_FORCE,ALERT,0.950576,"Repeated login failures","Repeated login failures; log failed logins is 7.37 standard deviations from the normal baseline"
F2025-49,TCP,NORMAL,NORMAL,0.070371,"No rule matched","No rule matched; SYN ratio is 1.63 standard deviations from the normal baseline"
F2025-50,TCP,NORMAL,NORMAL,0.139615,"No rule matched","No rule matched; log packets/s is 2.29 standard deviations from the normal baseline"
F2025-51,TCP,NORMAL,NORMAL,0.067235,"No rule matched","No rule matched; log packets/s is 1.35 standard deviations from the normal baseline"
F2025-52,TCP,NORMAL,NORMAL,0.074498,"No rule matched","No rule matched; SYN ratio is 1.20 standard deviations from the normal baseline"
F2025-53,TCP,NORMAL,NORMAL,0.077430,"No rule matched","No rule matched; log destination ports is 0.84 standard deviations from the normal baseline"
F2025-54,ICMP,NORMAL,NORMAL,0.088451,"No rule matched","No rule matched; log destination ports is 1.71 standard deviations from the normal baseline"
F2025-55,TCP,DOS,ALERT,0.979535,"No rule matched","No rule matched; SYN ratio is 6.09 standard deviations from the normal baseline"
F2025-56,UDP,NORMAL,NORMAL,0.062442,"No rule matched","No rule matched; log destination ports is 1.71 standard deviations from the normal baseline"
F2025-57,TCP,NORMAL,NORMAL,0.126266,"No rule matched","No rule matched; log packets/s is 1.36 standard deviations from the normal baseline"
F2025-58,TCP,NORMAL,NORMAL,0.062852,"No rule matched","No rule matched; SYN ratio is 1.31 standard deviations from the normal baseline"
F2025-59,ICMP,EXFILTRATION,ALERT,0.950000,"Large transfer pattern","Large transfer pattern; log bytes is 3.21 standard deviations from the normal baseline"
F2025-60,TCP,DOS,ALERT,0.871492,"No rule matched","No rule matched; SYN ratio is 3.39 standard deviations from the normal baseline"
F2025-61,TCP,EXFILTRATION,ALERT,0.605277,"No rule matched","No rule matched; log bytes is 2.82 standard deviations from the normal baseline"
F2025-62,TCP,PORT_SCAN,ALERT,0.998398,"Port scan pattern","Port scan pattern; log destination ports is 7.77 standard deviations from the normal baseline"
F2025-63,TCP,BRUTE_FORCE,ALERT,0.985916,"Repeated login failures","Repeated login failures; log failed logins is 8.45 standard deviations from the normal baseline"
F2025-64,TCP,EXFILTRATION,NORMAL,0.343000,"No rule matched","No rule matched; log duration is 2.29 standard deviations from the normal baseline"
F2025-65,TCP,NORMAL,NORMAL,0.058821,"No rule matched","No rule matched; log bytes is 1.16 standard deviations from the normal baseline"
F2025-66,TCP,NORMAL,NORMAL,0.076600,"No rule matched","No rule matched; log packets/s is 1.55 standard deviations from the normal baseline"
F2025-67,TCP,BRUTE_FORCE,ALERT,0.916051,"No rule matched","No rule matched; log failed logins is 5.86 standard deviations from the normal baseline"
F2025-68,TCP,NORMAL,NORMAL,0.068946,"No rule matched","No rule matched; log destination ports is 1.71 standard deviations from the normal baseline"
F2025-69,TCP,NORMAL,NORMAL,0.108263,"No rule matched","No rule matched; log destination ports is 1.20 standard deviations from the normal baseline"
F2025-70,TCP,DOS,ALERT,0.863353,"No rule matched","No rule matched; SYN ratio is 3.71 standard deviations from the normal baseline"
F2025-71,TCP,NORMAL,NORMAL,0.127856,"No rule matched","No rule matched; log failed logins is 1.71 standard deviations from the normal baseline"
F2025-72,UDP,DOS,ALERT,0.971765,"SYN flood pattern","SYN flood pattern; SYN ratio is 6.13 standard deviations from the normal baseline"
F2025-73,TCP,NORMAL,NORMAL,0.062179,"No rule matched","No rule matched; log duration is 1.33 standard deviations from the normal baseline"
F2025-74,TCP,NORMAL,NORMAL,0.098428,"No rule matched","No rule matched; log destination ports is 1.20 standard deviations from the normal baseline"
F2025-75,TCP,PORT_SCAN,ALERT,0.891438,"No rule matched","No rule matched; log destination ports is 3.89 standard deviations from the normal baseline"
F2025-76,TCP,PORT_SCAN,ALERT,0.977724,"No rule matched","No rule matched; SYN ratio is 5.42 standard deviations from the normal baseline"
F2025-77,TCP,NORMAL,NORMAL,0.074710,"No rule matched","No rule matched; log destination ports is 0.77 standard deviations from the normal baseline"
F2025-78,TCP,NORMAL,NORMAL,0.075507,"No rule matched","No rule matched; SYN ratio is 1.34 standard deviations from the normal baseline"
F2025-79,TCP,PORT_SCAN,ALERT,0.995738,"Port scan pattern","Port scan pattern; log destination ports is 6.19 standard deviations from the normal baseline"
F2025-80,TCP,BRUTE_FORCE,ALERT,0.942366,"No rule matched","No rule matched; log failed logins is 5.90 standard deviations from the normal baseline"
F2025-81,TCP,NORMAL,NORMAL,0.093984,"No rule matched","No rule matched; log packets/s is 2.41 standard deviations from the normal baseline"
F2025-82,TCP,EXFILTRATION,ALERT,0.550193,"No rule matched","No rule matched; log bytes is 2.09 standard deviations from the normal baseline"
F2025-83,TCP,NORMAL,NORMAL,0.060681,"No rule matched","No rule matched; log duration is 1.09 standard deviations from the normal baseline"
F2025-84,TCP,PORT_SCAN,ALERT,0.994014,"Port scan pattern","Port scan pattern; log destination ports is 7.22 standard deviations from the normal baseline"
F2025-85,UDP,EXFILTRATION,ALERT,0.762462,"No rule matched","No rule matched; log bytes is 2.16 standard deviations from the normal baseline"
F2025-86,TCP,NORMAL,NORMAL,0.077195,"No rule matched","No rule matched; log bytes is 1.94 standard deviations from the normal baseline"
F2025-87,TCP,NORMAL,NORMAL,0.240918,"No rule matched","No rule matched; log failed logins is 2.86 standard deviations from the normal baseline"
F2025-88,TCP,NORMAL,NORMAL,0.079544,"No rule matched","No rule matched; log destination ports is 1.71 standard deviations from the normal baseline"
F2025-89,TCP,EXFILTRATION,ALERT,0.753656,"No rule matched","No rule matched; log bytes is 2.89 standard deviations from the normal baseline"
F2025-90,TCP,DOS,ALERT,0.892979,"No rule matched","No rule matched; SYN ratio is 4.02 standard deviations from the normal baseline"
F2025-91,UDP,NORMAL,NORMAL,0.063196,"No rule matched","No rule matched; log destination ports is 1.71 standard deviations from the normal baseline"
F2025-92,TCP,NORMAL,NORMAL,0.058799,"No rule matched","No rule matched; log packets/s is 1.04 standard deviations from the normal baseline"
F2025-93,TCP,EXFILTRATION,ALERT,0.766702,"No rule matched","No rule matched; log bytes is 2.41 standard deviations from the normal baseline"
F2025-94,TCP,DOS,ALERT,0.991678,"SYN flood pattern","SYN flood pattern; SYN ratio is 7.39 standard deviations from the normal baseline"
F2025-95,UDP,PORT_SCAN,ALERT,0.950000,"Port scan pattern","Port scan pattern; log destination ports is 5.13 standard deviations from the normal baseline"
F2025-96,TCP,DOS,ALERT,0.884838,"No rule matched","No rule matched; SYN ratio is 3.79 standard deviations from the normal baseline"
F2025-97,TCP,NORMAL,NORMAL,0.115234,"No rule matched","No rule matched; log packets/s is 2.66 standard deviations from the normal baseline"
F2025-98,TCP,NORMAL,NORMAL,0.048653,"No rule matched","No rule matched; log packets/s is 0.83 standard deviations from the normal baseline"
F2025-99,ICMP,EXFILTRATION,ALERT,0.950000,"Large transfer pattern","Large transfer pattern; log bytes is 2.80 standard deviations from the normal baseline"
F2025-100,TCP,NORMAL,NORMAL,0.082345,"No rule matched","No rule matched; log duration is 0.84 standard deviations from the normal baseline"
F2025-101,UDP,PORT_SCAN,ALERT,0.978570,"Port scan pattern","Port scan pattern; log destination ports is 6.62 standard deviations from the normal baseline"
F2025-102,TCP,NORMAL,NORMAL,0.070791,"No rule matched","No rule matched; log duration is 1.28 standard deviations from the normal baseline"
F2025-103,TCP,BRUTE_FORCE,ALERT,0.958092,"Repeated login failures","Repeated login failures; log failed logins is 8.50 standard deviations from the normal baseline"
F2025-104,TCP,PORT_SCAN,ALERT,0.932782,"No rule matched","No rule matched; log destination ports is 4.75 standard deviations from the normal baseline"
F2025-105,TCP,NORMAL,NORMAL,0.096602,"No rule matched","No rule matched; log duration is 2.28 standard deviations from the normal baseline"
F2025-106,TCP,NORMAL,NORMAL,0.074277,"No rule matched","No rule matched; log packets/s is 1.29 standard deviations from the normal baseline"
F2025-107,TCP,NORMAL,NORMAL,0.068569,"No rule matched","No rule matched; log destination ports is 1.20 standard deviations from the normal baseline"
F2025-108,TCP,PORT_SCAN,ALERT,0.952438,"Port scan pattern","Port scan pattern; log destination ports is 5.55 standard deviations from the normal baseline"
F2025-109,TCP,NORMAL,NORMAL,0.064452,"No rule matched","No rule matched; log packets/s is 1.23 standard deviations from the normal baseline"
F2025-110,TCP,PORT_SCAN,ALERT,0.996462,"Port scan pattern","Port scan pattern; log destination ports is 6.83 standard deviations from the normal baseline"
F2025-111,TCP,BRUTE_FORCE,ALERT,0.950000,"Repeated login failures","Repeated login failures; log failed logins is 7.69 standard deviations from the normal baseline"
F2025-112,TCP,NORMAL,NORMAL,0.146078,"No rule matched","No rule matched; log packets/s is 1.67 standard deviations from the normal baseline"
F2025-113,TCP,NORMAL,NORMAL,0.057845,"No rule matched","No rule matched; SYN ratio is 1.30 standard deviations from the normal baseline"
F2025-114,TCP,BRUTE_FORCE,NORMAL,0.358785,"No rule matched","No rule matched; log failed logins is 3.83 standard deviations from the normal baseline"
F2025-115,TCP,PORT_SCAN,ALERT,0.969503,"Port scan pattern","Port scan pattern; log destination ports is 6.64 standard deviations from the normal baseline"
F2025-116,UDP,NORMAL,NORMAL,0.118365,"No rule matched","No rule matched; log bytes is 2.47 standard deviations from the normal baseline"
F2025-117,TCP,NORMAL,NORMAL,0.382281,"No rule matched","No rule matched; log bytes is 2.02 standard deviations from the normal baseline"
F2025-118,TCP,NORMAL,NORMAL,0.116999,"No rule matched","No rule matched; log bytes is 2.04 standard deviations from the normal baseline"
F2025-119,TCP,NORMAL,NORMAL,0.158791,"No rule matched","No rule matched; log destination ports is 1.71 standard deviations from the normal baseline"
F2025-120,TCP,NORMAL,NORMAL,0.059214,"No rule matched","No rule matched; log bytes is 0.99 standard deviations from the normal baseline"
F2025-121,ICMP,DOS,ALERT,0.972591,"SYN flood pattern","SYN flood pattern; SYN ratio is 5.67 standard deviations from the normal baseline"
F2025-122,TCP,PORT_SCAN,ALERT,0.983657,"Port scan pattern","Port scan pattern; log destination ports is 6.68 standard deviations from the normal baseline"
F2025-123,TCP,NORMAL,NORMAL,0.083679,"No rule matched","No rule matched; log destination ports is 1.71 standard deviations from the normal baseline"
F2025-124,TCP,NORMAL,NORMAL,0.062035,"No rule matched","No rule matched; SYN ratio is 1.36 standard deviations from the normal baseline"
F2025-125,TCP,NORMAL,NORMAL,0.069617,"No rule matched","No rule matched; SYN ratio is 1.70 standard deviations from the normal baseline"
F2025-126,TCP,NORMAL,ALERT,0.777440,"No rule matched","No rule matched; log bytes is 2.50 standard deviations from the normal baseline"
F2025-127,TCP,DOS,ALERT,0.979252,"SYN flood pattern","SYN flood pattern; SYN ratio is 6.12 standard deviations from the normal baseline"
F2025-128,TCP,NORMAL,NORMAL,0.290348,"No rule matched","No rule matched; log failed logins is 3.69 standard deviations from the normal baseline"
F2025-129,TCP,NORMAL,NORMAL,0.124501,"No rule matched","No rule matched; log packets/s is 1.53 standard deviations from the normal baseline"
F2025-130,TCP,NORMAL,NORMAL,0.069255,"No rule matched","No rule matched; SYN ratio is 1.73 standard deviations from the normal baseline"
F2025-131,TCP,NORMAL,NORMAL,0.113163,"No rule matched","No rule matched; log duration is 1.06 standard deviations from the normal baseline"
F2025-132,TCP,BRUTE_FORCE,ALERT,0.945377,"No rule matched","No rule matched; log failed logins is 5.92 standard deviations from the normal baseline"
F2025-133,UDP,EXFILTRATION,ALERT,0.950000,"Large transfer pattern","Large transfer pattern; log bytes is 3.16 standard deviations from the normal baseline"
F2025-134,TCP,NORMAL,NORMAL,0.078618,"No rule matched","No rule matched; log bytes is 1.75 standard deviations from the normal baseline"
F2025-135,TCP,NORMAL,NORMAL,0.091672,"No rule matched","No rule matched; SYN ratio is 1.28 standard deviations from the normal baseline"
F2025-136,TCP,EXFILTRATION,ALERT,0.791983,"No rule matched","No rule matched; log bytes is 2.42 standard deviations from the normal baseline"
F2025-137,TCP,NORMAL,ALERT,0.749702,"No rule matched","No rule matched; log duration is 3.12 standard deviations from the normal baseline"
F2025-138,ICMP,PORT_SCAN,ALERT,0.986936,"No rule matched","No rule matched; SYN ratio is 5.69 standard deviations from the normal baseline"
F2025-139,TCP,NORMAL,NORMAL,0.202921,"No rule matched","No rule matched; log duration is 2.24 standard deviations from the normal baseline"
F2025-140,TCP,PORT_SCAN,ALERT,0.988486,"Port scan pattern","Port scan pattern; log destination ports is 5.63 standard deviations from the normal baseline"
F2025-141,ICMP,NORMAL,NORMAL,0.089204,"No rule matched","No rule matched; log duration is 0.88 standard deviations from the normal baseline"
F2025-142,TCP,EXFILTRATION,ALERT,0.699305,"No rule matched","No rule matched; log bytes is 2.47 standard deviations from the normal baseline"
F2025-143,ICMP,NORMAL,NORMAL,0.088383,"No rule matched","No rule matched; log duration is 0.98 standard deviations from the normal baseline"
F2025-144,TCP,PORT_SCAN,ALERT,0.884489,"No rule matched","No rule matched; log destination ports is 4.44 standard deviations from the normal baseline"
F2025-145,TCP,BRUTE_FORCE,ALERT,0.973769,"Repeated login failures","Repeated login failures; log failed logins is 9.97 standard deviations from the normal baseline"
F2025-146,TCP,NORMAL,NORMAL,0.353466,"No rule matched","No rule matched; log duration is 1.74 standard deviations from the normal baseline"
F2025-147,TCP,NORMAL,NORMAL,0.064969,"No rule matched","No rule matched; SYN ratio is 0.98 standard deviations from the normal baseline"
F2025-148,TCP,NORMAL,NORMAL,0.074333,"No rule matched","No rule matched; log bytes is 1.75 standard deviations from the normal baseline"
F2025-149,TCP,NORMAL,NORMAL,0.091363,"No rule matched","No rule matched; SYN ratio is 1.48 standard deviations from the normal baseline"
F2025-150,TCP,DOS,ALERT,0.964066,"SYN flood pattern","SYN flood pattern; SYN ratio is 6.66 standard deviations from the normal baseline"
F2025-151,TCP,DOS,ALERT,0.957293,"SYN flood pattern","SYN flood pattern; SYN ratio is 6.92 standard deviations from the normal baseline"
F2025-152,UDP,EXFILTRATION,ALERT,0.712807,"No rule matched","No rule matched; log bytes is 3.09 standard deviations from the normal baseline"
F2025-153,TCP,NORMAL,NORMAL,0.077223,"No rule matched","No rule matched; log destination ports is 1.71 standard deviations from the normal baseline"
F2025-154,TCP,PORT_SCAN,ALERT,0.988088,"No rule matched","No rule matched; SYN ratio is 6.01 standard deviations from the normal baseline"
F2025-155,TCP,DOS,ALERT,0.942732,"No rule matched","No rule matched; SYN ratio is 4.69 standard deviations from the normal baseline"
F2025-156,ICMP,NORMAL,NORMAL,0.088574,"No rule matched","No rule matched; log duration is 1.54 standard deviations from the normal baseline"
F2025-157,ICMP,EXFILTRATION,NORMAL,0.282873,"No rule matched","No rule matched; log bytes is 1.25 standard deviations from the normal baseline"
F2025-158,ICMP,NORMAL,NORMAL,0.076500,"No rule matched","No rule matched; log duration is 2.06 standard deviations from the normal baseline"
F2025-159,TCP,NORMAL,NORMAL,0.063057,"No rule matched","No rule matched; log destination ports is 0.77 standard deviations from the normal baseline"
F2025-160,UDP,NORMAL,NORMAL,0.211739,"No rule matched","No rule matched; log failed logins is 3.69 standard deviations from the normal baseline"
F2025-161,TCP,NORMAL,NORMAL,0.093755,"No rule matched","No rule matched; log destination ports is 1.71 standard deviations from the normal baseline"
F2025-162,TCP,NORMAL,NORMAL,0.079237,"No rule matched","No rule matched; log bytes is 2.20 standard deviations from the normal baseline"
F2025-163,TCP,EXFILTRATION,ALERT,0.597428,"No rule matched","No rule matched; log bytes is 1.71 standard deviations from the normal baseline"
F2025-164,TCP,BRUTE_FORCE,ALERT,0.978979,"Repeated login failures","Repeated login failures; log failed logins is 7.07 standard deviations from the normal baseline"
F2025-165,TCP,DOS,ALERT,0.895809,"No rule matched","No rule matched; SYN ratio is 3.83 standard deviations from the normal baseline"
F2025-166,TCP,NORMAL,NORMAL,0.126830,"No rule matched","No rule matched; SYN ratio is 1.26 standard deviations from the normal baseline"
F2025-167,ICMP,DOS,ALERT,0.970224,"SYN flood pattern","SYN flood pattern; SYN ratio is 6.42 standard deviations from the normal baseline"
F2025-168,TCP,NORMAL,NORMAL,0.074404,"No rule matched","No rule matched; log destination ports is 0.77 standard deviations from the normal baseline"
F2025-169,TCP,BRUTE_FORCE,ALERT,0.974751,"No rule matched","No rule matched; log failed logins is 5.81 standard deviations from the normal baseline"
F2025-170,ICMP,DOS,ALERT,0.893984,"No rule matched","No rule matched; SYN ratio is 4.11 standard deviations from the normal baseline"
F2025-171,TCP,NORMAL,NORMAL,0.091146,"No rule matched","No rule matched; log destination ports is 1.71 standard deviations from the normal baseline"
F2025-172,TCP,PORT_SCAN,ALERT,0.867630,"No rule matched","No rule matched; log destination ports is 6.87 standard deviations from the normal baseline"
F2025-173,TCP,NORMAL,NORMAL,0.060627,"No rule matched","No rule matched; SYN ratio is 1.14 standard deviations from the normal baseline"
F2025-174,TCP,DOS,ALERT,0.992191,"SYN flood pattern","SYN flood pattern; SYN ratio is 7.42 standard deviations from the normal baseline"
F2025-175,TCP,NORMAL,NORMAL,0.091041,"No rule matched","No rule matched; log bytes is 2.40 standard deviations from the normal baseline"
F2025-176,TCP,DOS,ALERT,0.862378,"No rule matched","No rule matched; SYN ratio is 4.57 standard deviations from the normal baseline"
F2025-177,UDP,NORMAL,NORMAL,0.071705,"No rule matched","No rule matched; log bytes is 1.09 standard deviations from the normal baseline"
F2025-178,TCP,EXFILTRATION,ALERT,0.674398,"No rule matched","No rule matched; log bytes is 1.99 standard deviations from the normal baseline"
F2025-179,TCP,BRUTE_FORCE,ALERT,0.806940,"No rule matched","No rule matched; log failed logins is 5.57 standard deviations from the normal baseline"
F2025-180,TCP,BRUTE_FORCE,ALERT,0.925431,"No rule matched","No rule matched; log failed logins is 5.88 standard deviations from the normal baseline"
F2025-181,TCP,DOS,ALERT,0.710927,"No rule matched","No rule matched; SYN ratio is 2.68 standard deviations from the normal baseline"
F2025-182,TCP,PORT_SCAN,ALERT,0.992244,"No rule matched","No rule matched; SYN ratio is 6.93 standard deviations from the normal baseline"
F2025-183,TCP,NORMAL,NORMAL,0.070572,"No rule matched","No rule matched; SYN ratio is 1.19 standard deviations from the normal baseline"
F2025-184,TCP,BRUTE_FORCE,ALERT,0.841634,"No rule matched","No rule matched; log failed logins is 5.43 standard deviations from the normal baseline"
F2025-185,TCP,NORMAL,NORMAL,0.429990,"No rule matched","No rule matched; SYN ratio is 1.64 standard deviations from the normal baseline"
F2025-186,TCP,NORMAL,NORMAL,0.078825,"No rule matched","No rule matched; log packets/s is 1.81 standard deviations from the normal baseline"
F2025-187,TCP,PORT_SCAN,ALERT,0.991876,"Port scan pattern","Port scan pattern; SYN ratio is 6.39 standard deviations from the normal baseline"
F2025-188,TCP,EXFILTRATION,ALERT,0.701188,"No rule matched","No rule matched; log bytes is 2.67 standard deviations from the normal baseline"
F2025-189,TCP,NORMAL,NORMAL,0.289877,"No rule matched","No rule matched; log duration is 1.98 standard deviations from the normal baseline"
F2025-190,ICMP,NORMAL,NORMAL,0.102668,"No rule matched","No rule matched; log packets/s is 1.47 standard deviations from the normal baseline"
F2025-191,TCP,DOS,ALERT,0.919707,"No rule matched","No rule matched; SYN ratio is 3.76 standard deviations from the normal baseline"
F2025-192,TCP,NORMAL,NORMAL,0.058956,"No rule matched","No rule matched; SYN ratio is 1.24 standard deviations from the normal baseline"
F2025-193,UDP,NORMAL,NORMAL,0.113410,"No rule matched","No rule matched; log packets/s is 2.44 standard deviations from the normal baseline"
F2025-194,TCP,EXFILTRATION,ALERT,0.577757,"No rule matched","No rule matched; log bytes is 1.75 standard deviations from the normal baseline"
F2025-195,TCP,NORMAL,NORMAL,0.117212,"No rule matched","No rule matched; log packets/s is 1.13 standard deviations from the normal baseline"
F2025-196,ICMP,EXFILTRATION,ALERT,0.643060,"No rule matched","No rule matched; log bytes is 2.08 standard deviations from the normal baseline"
F2025-197,TCP,DOS,ALERT,0.918592,"No rule matched","No rule matched; SYN ratio is 4.07 standard deviations from the normal baseline"
F2025-198,TCP,BRUTE_FORCE,ALERT,0.978828,"No rule matched","No rule matched; log failed logins is 6.31 standard deviations from the normal baseline"
F2025-199,TCP,EXFILTRATION,ALERT,0.654845,"No rule matched","No rule matched; log bytes is 2.15 standard deviations from the normal baseline"
F2025-200,UDP,NORMAL,NORMAL,0.305060,"No rule matched","No rule matched; log bytes is 2.61 standard deviations from the normal baseline"
F2025-201,TCP,DOS,ALERT,0.871300,"No rule matched","No rule matched; SYN ratio is 2.91 standard deviations from the normal baseline"
F2025-202,TCP,NORMAL,NORMAL,0.145420,"No rule matched","No rule matched; log bytes is 1.50 standard deviations from the normal baseline"
F2025-203,TCP,EXFILTRATION,ALERT,0.950000,"Large transfer pattern","Large transfer pattern; log bytes is 2.72 standard deviations from the normal baseline"
F2025-204,TCP,NORMAL,NORMAL,0.144904,"No rule matched","No rule matched; log bytes is 1.37 standard deviations from the normal baseline"
F2025-205,TCP,BRUTE_FORCE,ALERT,0.970213,"Repeated login failures","Repeated login failures; log failed logins is 7.27 standard deviations from the normal baseline"
F2025-206,TCP,DOS,ALERT,0.994786,"No rule matched","No rule matched; SYN ratio is 7.18 standard deviations from the normal baseline"
F2025-207,TCP,NORMAL,NORMAL,0.096620,"No rule matched","No rule matched; log packets/s is 2.09 standard deviations from the normal baseline"
F2025-208,TCP,PORT_SCAN,ALERT,0.834902,"No rule matched","No rule matched; log destination ports is 3.71 standard deviations from the normal baseline"
F2025-209,UDP,DOS,ALERT,0.874799,"No rule matched","No rule matched; SYN ratio is 7.46 standard deviations from the normal baseline"
F2025-210,ICMP,NORMAL,NORMAL,0.060536,"No rule matched","No rule matched; log destination ports is 1.71 standard deviations from the normal baseline"
F2025-211,ICMP,NORMAL,NORMAL,0.254155,"No rule matched","No rule matched; log bytes is 1.77 standard deviations from the normal baseline"
F2025-212,TCP,DOS,ALERT,0.901962,"No rule matched","No rule matched; SYN ratio is 4.06 standard deviations from the normal baseline"
F2025-213,TCP,NORMAL,NORMAL,0.143145,"No rule matched","No rule matched; SYN ratio is 1.37 standard deviations from the normal baseline"
F2025-214,TCP,NORMAL,NORMAL,0.236825,"No rule matched","No rule matched; log packets/s is 3.37 standard deviations from the normal baseline"
F2025-215,TCP,BRUTE_FORCE,ALERT,0.910152,"No rule matched","No rule matched; log failed logins is 6.16 standard deviations from the normal baseline"
F2025-216,UDP,EXFILTRATION,ALERT,0.547693,"No rule matched","No rule matched; log bytes is 2.62 standard deviations from the normal baseline"
F2025-217,TCP,BRUTE_FORCE,ALERT,0.959953,"Repeated login failures","Repeated login failures; log failed logins is 7.01 standard deviations from the normal baseline"
F2025-218,TCP,NORMAL,NORMAL,0.199946,"No rule matched","No rule matched; log bytes is 1.52 standard deviations from the normal baseline"
F2025-219,UDP,NORMAL,NORMAL,0.069490,"No rule matched","No rule matched; log duration is 1.79 standard deviations from the normal baseline"
F2025-220,TCP,NORMAL,NORMAL,0.061047,"No rule matched","No rule matched; log destination ports is 0.77 standard deviations from the normal baseline"
F2025-221,TCP,NORMAL,NORMAL,0.124300,"No rule matched","No rule matched; SYN ratio is 1.37 standard deviations from the normal baseline"
F2025-222,TCP,NORMAL,NORMAL,0.205611,"No rule matched","No rule matched; log duration is 1.58 standard deviations from the normal baseline"
F2025-223,TCP,BRUTE_FORCE,NORMAL,0.378854,"No rule matched","No rule matched; log failed logins is 3.25 standard deviations from the normal baseline"
F2025-224,TCP,BRUTE_FORCE,ALERT,0.980534,"Repeated login failures","Repeated login failures; log failed logins is 7.43 standard deviations from the normal baseline"
F2025-225,UDP,NORMAL,NORMAL,0.084744,"No rule matched","No rule matched; log packets/s is 1.92 standard deviations from the normal baseline"
F2025-226,TCP,EXFILTRATION,ALERT,0.700429,"No rule matched","No rule matched; log bytes is 3.38 standard deviations from the normal baseline"
F2025-227,UDP,NORMAL,NORMAL,0.044702,"No rule matched","No rule matched; log packets/s is 0.97 standard deviations from the normal baseline"
F2025-228,TCP,BRUTE_FORCE,ALERT,0.978201,"Repeated login failures","Repeated login failures; log failed logins is 9.40 standard deviations from the normal baseline"
F2025-229,TCP,NORMAL,NORMAL,0.140348,"No rule matched","No rule matched; log bytes is 1.32 standard deviations from the normal baseline"
F2025-230,TCP,NORMAL,NORMAL,0.133016,"No rule matched","No rule matched; log duration is 1.73 standard deviations from the normal baseline"
F2025-231,TCP,PORT_SCAN,ALERT,0.992414,"Port scan pattern","Port scan pattern; SYN ratio is 6.20 standard deviations from the normal baseline"
F2025-232,TCP,EXFILTRATION,ALERT,0.718241,"No rule matched","No rule matched; log bytes is 2.51 standard deviations from the normal baseline"
F2025-233,TCP,BRUTE_FORCE,ALERT,0.972757,"Repeated login failures","Repeated login failures; log failed logins is 8.10 standard deviations from the normal baseline"
F2025-234,TCP,BRUTE_FORCE,ALERT,0.815248,"No rule matched","No rule matched; log failed logins is 4.65 standard deviations from the normal baseline"
F2025-235,TCP,DOS,ALERT,0.727747,"No rule matched","No rule matched; SYN ratio is 4.26 standard deviations from the normal baseline"
F2025-236,ICMP,NORMAL,NORMAL,0.072958,"No rule matched","No rule matched; log destination ports is 1.20 standard deviations from the normal baseline"
F2025-237,TCP,NORMAL,NORMAL,0.092113,"No rule matched","No rule matched; SYN ratio is 1.31 standard deviations from the normal baseline"
F2025-238,TCP,NORMAL,NORMAL,0.326444,"No rule matched","No rule matched; log bytes is 2.12 standard deviations from the normal baseline"
F2025-239,TCP,DOS,ALERT,0.966092,"SYN flood pattern","SYN flood pattern; SYN ratio is 5.89 standard deviations from the normal baseline"
F2025-240,TCP,NORMAL,NORMAL,0.062690,"No rule matched","No rule matched; log destination ports is 0.77 standard deviations from the normal baseline"
F2025-241,ICMP,NORMAL,NORMAL,0.062580,"No rule matched","No rule matched; log destination ports is 1.71 standard deviations from the normal baseline"
F2025-242,UDP,DOS,ALERT,0.845286,"No rule matched","No rule matched; SYN ratio is 4.55 standard deviations from the normal baseline"
F2025-243,TCP,NORMAL,NORMAL,0.164316,"No rule matched","No rule matched; log bytes is 1.80 standard deviations from the normal baseline"
F2025-244,ICMP,DOS,ALERT,0.822145,"No rule matched","No rule matched; SYN ratio is 4.04 standard deviations from the normal baseline"
F2025-245,TCP,NORMAL,NORMAL,0.090311,"No rule matched","No rule matched; log bytes is 2.16 standard deviations from the normal baseline"
F2025-246,TCP,DOS,ALERT,0.942318,"No rule matched","No rule matched; SYN ratio is 5.50 standard deviations from the normal baseline"
F2025-247,TCP,NORMAL,NORMAL,0.191991,"No rule matched","No rule matched; log duration is 2.16 standard deviations from the normal baseline"
F2025-248,TCP,NORMAL,NORMAL,0.092526,"No rule matched","No rule matched; SYN ratio is 1.37 standard deviations from the normal baseline"
F2025-249,TCP,PORT_SCAN,ALERT,0.963503,"No rule matched","No rule matched; log destination ports is 4.93 standard deviations from the normal baseline"
F2025-250,TCP,DOS,ALERT,0.972578,"SYN flood pattern","SYN flood pattern; SYN ratio is 5.71 standard deviations from the normal baseline"
F2025-251,TCP,NORMAL,NORMAL,0.129991,"No rule matched","No rule matched; log destination ports is 1.20 standard deviations from the normal baseline"
F2025-252,TCP,NORMAL,NORMAL,0.115018,"No rule matched","No rule matched; SYN ratio is 1.43 standard deviations from the normal baseline"
F2025-253,TCP,PORT_SCAN,ALERT,0.950000,"Port scan pattern","Port scan pattern; log destination ports is 5.22 standard deviations from the normal baseline"
F2025-254,TCP,NORMAL,NORMAL,0.093217,"No rule matched","No rule matched; log packets/s is 2.05 standard deviations from the normal baseline"
F2025-255,UDP,NORMAL,NORMAL,0.108265,"No rule matched","No rule matched; log duration is 1.35 standard deviations from the normal baseline"
F2025-256,TCP,NORMAL,NORMAL,0.099969,"No rule matched","No rule matched; log packets/s is 1.64 standard deviations from the normal baseline"
F2025-257,ICMP,EXFILTRATION,ALERT,0.950000,"Large transfer pattern","Large transfer pattern; log bytes is 2.98 standard deviations from the normal baseline"
F2025-258,TCP,DOS,ALERT,0.942522,"No rule matched","No rule matched; SYN ratio is 4.79 standard deviations from the normal baseline"
F2025-259,ICMP,NORMAL,NORMAL,0.073142,"No rule matched","No rule matched; SYN ratio is 1.30 standard deviations from the normal baseline"
F2025-260,TCP,PORT_SCAN,ALERT,0.995731,"Port scan pattern","Port scan pattern; SYN ratio is 6.39 standard deviations from the normal baseline"
F2025-261,TCP,EXFILTRATION,ALERT,0.705972,"No rule matched","No rule matched; log bytes is 2.53 standard deviations from the normal baseline"
F2025-262,UDP,NORMAL,NORMAL,0.081226,"No rule matched","No rule matched; log bytes is 1.40 standard deviations from the normal baseline"
F2025-263,TCP,NORMAL,NORMAL,0.066871,"No rule matched","No rule matched; log destination ports is 1.20 standard deviations from the normal baseline"
F2025-264,TCP,PORT_SCAN,ALERT,0.963774,"No rule matched","No rule matched; log destination ports is 6.33 standard deviations from the normal baseline"
F2025-265,TCP,NORMAL,NORMAL,0.069843,"No rule matched","No rule matched; log bytes is 0.95 standard deviations from the normal baseline"
F2025-266,TCP,EXFILTRATION,ALERT,0.788726,"No rule matched","No rule matched; log bytes is 3.02 standard deviations from the normal baseline"
F2025-267,TCP,NORMAL,NORMAL,0.070806,"No rule matched","No rule matched; log bytes is 1.81 standard deviations from the normal baseline"
F2025-268,TCP,NORMAL,ALERT,0.583752,"No rule matched","No rule matched; log bytes is 2.08 standard deviations from the normal baseline"
F2025-269,TCP,NORMAL,NORMAL,0.079032,"No rule matched","No rule matched; log destination ports is 1.71 standard deviations from the normal baseline"
F2025-270,TCP,BRUTE_FORCE,ALERT,0.811424,"No rule matched","No rule matched; log failed logins is 4.52 standard deviations from the normal baseline"
F2025-271,TCP,DOS,ALERT,0.882948,"No rule matched","No rule matched; SYN ratio is 3.32 standard deviations from the normal baseline"
F2025-272,TCP,NORMAL,NORMAL,0.097125,"No rule matched","No rule matched; log duration is 2.13 standard deviations from the normal baseline"
F2025-273,TCP,NORMAL,NORMAL,0.082088,"No rule matched","No rule matched; log destination ports is 1.71 standard deviations from the normal baseline"
F2025-274,UDP,EXFILTRATION,ALERT,0.950000,"Large transfer pattern","Large transfer pattern; log bytes is 2.80 standard deviations from the normal baseline"
F2025-275,TCP,NORMAL,NORMAL,0.071403,"No rule matched","No rule matched; log bytes is 1.51 standard deviations from the normal baseline"
F2025-276,TCP,NORMAL,NORMAL,0.055821,"No rule matched","No rule matched; SYN ratio is 0.28 standard deviations from the normal baseline"
F2025-277,TCP,EXFILTRATION,ALERT,0.950000,"Large transfer pattern","Large transfer pattern; log bytes is 3.20 standard deviations from the normal baseline"
F2025-278,UDP,EXFILTRATION,ALERT,0.713015,"No rule matched","No rule matched; log bytes is 2.42 standard deviations from the normal baseline"
F2025-279,TCP,NORMAL,NORMAL,0.090819,"No rule matched","No rule matched; SYN ratio is 1.32 standard deviations from the normal baseline"
F2025-280,UDP,EXFILTRATION,ALERT,0.950000,"Large transfer pattern","Large transfer pattern; log bytes is 2.84 standard deviations from the normal baseline"
F2025-281,TCP,NORMAL,NORMAL,0.070196,"No rule matched","No rule matched; SYN ratio is 0.92 standard deviations from the normal baseline"
F2025-282,TCP,EXFILTRATION,ALERT,0.950000,"Large transfer pattern","Large transfer pattern; log bytes is 2.92 standard deviations from the normal baseline"
F2025-283,UDP,NORMAL,NORMAL,0.134558,"No rule matched","No rule matched; SYN ratio is 1.32 standard deviations from the normal baseline"
F2025-284,TCP,NORMAL,NORMAL,0.122411,"No rule matched","No rule matched; log packets/s is 2.20 standard deviations from the normal baseline"
F2025-285,TCP,EXFILTRATION,NORMAL,0.471925,"No rule matched","No rule matched; log bytes is 2.78 standard deviations from the normal baseline"
F2025-286,UDP,NORMAL,NORMAL,0.059805,"No rule matched","No rule matched; log destination ports is 1.71 standard deviations from the normal baseline"
F2025-287,TCP,PORT_SCAN,ALERT,0.777871,"No rule matched","No rule matched; log destination ports is 3.35 standard deviations from the normal baseline"
F2025-288,TCP,BRUTE_FORCE,ALERT,0.974364,"Repeated login failures","Repeated login failures; log failed logins is 9.44 standard deviations from the normal baseline"
F2025-289,TCP,NORMAL,NORMAL,0.077899,"No rule matched","No rule matched; log packets/s is 1.36 standard deviations from the normal baseline"
F2025-290,TCP,NORMAL,ALERT,0.537296,"No rule matched","No rule matched; log bytes is 2.97 standard deviations from the normal baseline"
F2025-291,TCP,EXFILTRATION,ALERT,0.727143,"No rule matched","No rule matched; log bytes is 2.25 standard deviations from the normal baseline"
F2025-292,TCP,NORMAL,NORMAL,0.182208,"No rule matched","No rule matched; log failed logins is 1.71 standard deviations from the normal baseline"
F2025-293,TCP,EXFILTRATION,ALERT,0.950000,"Large transfer pattern","Large transfer pattern; log bytes is 3.00 standard deviations from the normal baseline"
F2025-294,TCP,NORMAL,NORMAL,0.092374,"No rule matched","No rule matched; log bytes is 0.69 standard deviations from the normal baseline"
F2025-295,TCP,BRUTE_FORCE,ALERT,0.969791,"Repeated login failures","Repeated login failures; log failed logins is 9.55 standard deviations from the normal baseline"
F2025-296,TCP,EXFILTRATION,ALERT,0.525554,"No rule matched","No rule matched; log failed logins is 4.32 standard deviations from the normal baseline"
F2025-297,TCP,BRUTE_FORCE,ALERT,0.950000,"Repeated login failures","Repeated login failures; log failed logins is 6.70 standard deviations from the normal baseline"
F2025-298,ICMP,PORT_SCAN,ALERT,0.995193,"Port scan pattern","Port scan pattern; log destination ports is 8.76 standard deviations from the normal baseline"
F2025-299,TCP,NORMAL,NORMAL,0.069095,"No rule matched","No rule matched; log destination ports is 1.71 standard deviations from the normal baseline"
F2025-300,TCP,NORMAL,NORMAL,0.059323,"No rule matched","No rule matched; log packets/s is 1.09 standard deviations from the normal baseline"
F2025-301,TCP,NORMAL,NORMAL,0.115851,"No rule matched","No rule matched; log destination ports is 1.20 standard deviations from the normal baseline"
F2025-302,ICMP,PORT_SCAN,ALERT,0.982540,"Port scan pattern","Port scan pattern; log destination ports is 8.07 standard deviations from the normal baseline"
F2025-303,UDP,NORMAL,NORMAL,0.136645,"No rule matched","No rule matched; log packets/s is 2.74 standard deviations from the normal baseline"
F2025-304,TCP,PORT_SCAN,ALERT,0.978618,"Port scan pattern","Port scan pattern; log destination ports is 7.01 standard deviations from the normal baseline"
F2025-305,TCP,DOS,ALERT,0.860504,"No rule matched","No rule matched; SYN ratio is 2.86 standard deviations from the normal baseline"
F2025-306,TCP,EXFILTRATION,ALERT,0.584769,"No rule matched","No rule matched; log bytes is 2.15 standard deviations from the normal baseline"
F2025-307,UDP,NORMAL,NORMAL,0.051630,"No rule matched","No rule matched; log destination ports is 0.84 standard deviations from the normal baseline"
F2025-308,ICMP,EXFILTRATION,ALERT,0.950000,"Large transfer pattern","Large transfer pattern; log bytes is 2.64 standard deviations from the normal baseline"
F2025-309,TCP,NORMAL,NORMAL,0.105972,"No rule matched","No rule matched; log bytes is 0.90 standard deviations from the normal baseline"
F2025-310,TCP,NORMAL,NORMAL,0.398181,"No rule matched","No rule matched; log packets/s is 2.74 standard deviations from the normal baseline"
F2025-311,TCP,DOS,ALERT,0.981370,"SYN flood pattern","SYN flood pattern; SYN ratio is 7.41 standard deviations from the normal baseline"
F2025-312,UDP,NORMAL,NORMAL,0.056615,"No rule matched","No rule matched; log packets/s is 0.85 standard deviations from the normal baseline"
F2025-313,TCP,NORMAL,NORMAL,0.074170,"No rule matched","No rule matched; SYN ratio is 1.19 standard deviations from the normal baseline"
F2025-314,TCP,NORMAL,NORMAL,0.099951,"No rule matched","No rule matched; log packets/s is 1.66 standard deviations from the normal baseline"
F2025-315,ICMP,NORMAL,NORMAL,0.060592,"No rule matched","No rule matched; log destination ports is 1.20 standard deviations from the normal baseline"
F2025-316,ICMP,EXFILTRATION,ALERT,0.950000,"Large transfer pattern","Large transfer pattern; log bytes is 3.39 standard deviations from the normal baseline"
F2025-317,TCP,NORMAL,NORMAL,0.096690,"No rule matched","No rule matched; SYN ratio is 1.09 standard deviations from the normal baseline"
F2025-318,TCP,NORMAL,NORMAL,0.141448,"No rule matched","No rule matched; log bytes is 1.69 standard deviations from the normal baseline"
F2025-319,TCP,BRUTE_FORCE,ALERT,0.950000,"Repeated login failures","Repeated login failures; log failed logins is 9.76 standard deviations from the normal baseline"
F2025-320,TCP,NORMAL,NORMAL,0.113236,"No rule matched","No rule matched; log packets/s is 2.72 standard deviations from the normal baseline"
F2025-321,TCP,PORT_SCAN,ALERT,0.910904,"No rule matched","No rule matched; log destination ports is 4.36 standard deviations from the normal baseline"
F2025-322,TCP,BRUTE_FORCE,ALERT,0.950000,"Repeated login failures","Repeated login failures; log failed logins is 7.21 standard deviations from the normal baseline"
F2025-323,UDP,NORMAL,NORMAL,0.070046,"No rule matched","No rule matched; log duration is 2.24 standard deviations from the normal baseline"
F2025-324,TCP,EXFILTRATION,ALERT,0.746249,"No rule matched","No rule matched; log bytes is 2.55 standard deviations from the normal baseline"
F2025-325,ICMP,NORMAL,NORMAL,0.065314,"No rule matched","No rule matched; log destination ports is 1.71 standard deviations from the normal baseline"
F2025-326,TCP,PORT_SCAN,ALERT,0.858877,"No rule matched","No rule matched; log destination ports is 4.89 standard deviations from the normal baseline"
F2025-327,ICMP,NORMAL,NORMAL,0.207028,"No rule matched","No rule matched; log bytes is 1.67 standard deviations from the normal baseline"
F2025-328,TCP,NORMAL,NORMAL,0.140521,"No rule matched","No rule matched; log packets/s is 2.82 standard deviations from the normal baseline"
F2025-329,TCP,NORMAL,NORMAL,0.090874,"No rule matched","No rule matched; log destination ports is 1.71 standard deviations from the normal baseline"
F2025-330,TCP,NORMAL,NORMAL,0.060036,"No rule matched","No rule matched; log bytes is 1.00 standard deviations from the normal baseline"
F2025-331,TCP,NORMAL,NORMAL,0.098426,"No rule matched","No rule matched; log duration is 2.14 standard deviations from the normal baseline"
F2025-332,TCP,NORMAL,NORMAL,0.102177,"No rule matched","No rule matched; log destination ports is 1.20 standard deviations from the normal baseline"
F2025-333,TCP,NORMAL,NORMAL,0.114035,"No rule matched","No rule matched; SYN ratio is 1.36 standard deviations from the normal baseline"
F2025-334,ICMP,NORMAL,NORMAL,0.057045,"No rule matched","No rule matched; log destination ports is 1.20 standard deviations from the normal baseline"
F2025-335,TCP,PORT_SCAN,ALERT,0.992043,"Port scan pattern","Port scan pattern; SYN ratio is 6.05 standard deviations from the normal baseline"
F2025-336,TCP,NORMAL,NORMAL,0.069918,"No rule matched","No rule matched; log destination ports is 1.71 standard deviations from the normal baseline"
F2025-337,TCP,NORMAL,NORMAL,0.069971,"No rule matched","No rule matched; log destination ports is 0.77 standard deviations from the normal baseline"
F2025-338,TCP,NORMAL,NORMAL,0.090309,"No rule matched","No rule matched; log bytes is 2.22 standard deviations from the normal baseline"
F2025-339,TCP,EXFILTRATION,ALERT,0.950000,"Large transfer pattern","Large transfer pattern; log bytes is 2.67 standard deviations from the normal baseline"
F2025-340,TCP,NORMAL,NORMAL,0.341450,"No rule matched","No rule matched; log bytes is 2.00 standard deviations from the normal baseline"
F2025-341,TCP,DOS,ALERT,0.937933,"No rule matched","No rule matched; SYN ratio is 4.74 standard deviations from the normal baseline"
F2025-342,TCP,BRUTE_FORCE,ALERT,0.966339,"Repeated login failures","Repeated login failures; log failed logins is 7.48 standard deviations from the normal baseline"
F2025-343,TCP,PORT_SCAN,ALERT,0.981629,"Port scan pattern","Port scan pattern; log destination ports is 6.49 standard deviations from the normal baseline"
F2025-344,TCP,NORMAL,NORMAL,0.236830,"No rule matched","No rule matched; log failed logins is 2.86 standard deviations from the normal baseline"
F2025-345,TCP,NORMAL,NORMAL,0.248315,"No rule matched","No rule matched; log packets/s is 3.81 standard deviations from the normal baseline"
F2025-346,TCP,BRUTE_FORCE,ALERT,0.950928,"No rule matched","No rule matched; log failed logins is 6.36 standard deviations from the normal baseline"
F2025-347,TCP,BRUTE_FORCE,ALERT,0.944197,"No rule matched","No rule matched; log failed logins is 5.85 standard deviations from the normal baseline"
F2025-348,TCP,NORMAL,NORMAL,0.087731,"No rule matched","No rule matched; SYN ratio is 1.38 standard deviations from the normal baseline"
F2025-349,TCP,BRUTE_FORCE,ALERT,0.890138,"No rule matched","No rule matched; log failed logins is 5.92 standard deviations from the normal baseline"
F2025-350,ICMP,NORMAL,NORMAL,0.237413,"No rule matched","No rule matched; log duration is 2.27 standard deviations from the normal baseline"
F2025-351,TCP,NORMAL,NORMAL,0.067415,"No rule matched","No rule matched; log bytes is 1.54 standard deviations from the normal baseline"
F2025-352,TCP,NORMAL,NORMAL,0.055266,"No rule matched","No rule matched; log bytes is 1.01 standard deviations from the normal baseline"
F2025-353,TCP,NORMAL,NORMAL,0.270823,"No rule matched","No rule matched; log failed logins is 3.69 standard deviations from the normal baseline"
F2025-354,TCP,NORMAL,NORMAL,0.087273,"No rule matched","No rule matched; log duration is 1.06 standard deviations from the normal baseline"
F2025-355,TCP,PORT_SCAN,ALERT,0.958882,"Port scan pattern","Port scan pattern; log destination ports is 5.99 standard deviations from the normal baseline"
F2025-356,TCP,NORMAL,NORMAL,0.074557,"No rule matched","No rule matched; log duration is 1.31 standard deviations from the normal baseline"
F2025-357,TCP,EXFILTRATION,ALERT,0.667239,"No rule matched","No rule matched; log bytes is 2.30 standard deviations from the normal baseline"
F2025-358,UDP,NORMAL,NORMAL,0.088056,"No rule matched","No rule matched; log bytes is 1.26 standard deviations from the normal baseline"
F2025-359,TCP,EXFILTRATION,ALERT,0.578325,"No rule matched","No rule matched; log bytes is 2.93 standard deviations from the normal baseline"
F2025-360,TCP,NORMAL,NORMAL,0.062818,"No rule matched","No rule matched; log destination ports is 0.84 standard deviations from the normal baseline"
F2025-361,ICMP,PORT_SCAN,ALERT,0.993714,"No rule matched","No rule matched; SYN ratio is 6.73 standard deviations from the normal baseline"
F2025-362,TCP,NORMAL,NORMAL,0.082302,"No rule matched","No rule matched; log duration is 2.22 standard deviations from the normal baseline"
F2025-363,UDP,DOS,ALERT,0.933710,"No rule matched","No rule matched; SYN ratio is 5.23 standard deviations from the normal baseline"
F2025-364,TCP,EXFILTRATION,ALERT,0.779109,"No rule matched","No rule matched; log duration is 2.68 standard deviations from the normal baseline"
F2025-365,TCP,NORMAL,NORMAL,0.206793,"No rule matched","No rule matched; log bytes is 1.81 standard deviations from the normal baseline"
F2025-366,TCP,BRUTE_FORCE,ALERT,0.813962,"No rule matched","No rule matched; log failed logins is 4.60 standard deviations from the normal baseline"
F2025-367,TCP,BRUTE_FORCE,ALERT,0.954862,"No rule matched","No rule matched; log failed logins is 6.57 standard deviations from the normal baseline"
F2025-368,TCP,NORMAL,NORMAL,0.330308,"No rule matched","No rule matched; log failed logins is 2.86 standard deviations from the normal baseline"
F2025-369,TCP,BRUTE_FORCE,ALERT,0.950000,"Repeated login failures","Repeated login failures; log failed logins is 6.65 standard deviations from the normal baseline"
F2025-370,TCP,BRUTE_FORCE,ALERT,0.962313,"Repeated login failures","Repeated login failures; log failed logins is 9.33 standard deviations from the normal baseline"
F2025-371,TCP,NORMAL,NORMAL,0.293810,"No rule matched","No rule matched; log failed logins is 2.86 standard deviations from the normal baseline"
F2025-372,TCP,NORMAL,NORMAL,0.066197,"No rule matched","No rule matched; SYN ratio is 1.46 standard deviations from the normal baseline"
F2025-373,TCP,NORMAL,NORMAL,0.226111,"No rule matched","No rule matched; log packets/s is 2.10 standard deviations from the normal baseline"
F2025-374,TCP,BRUTE_FORCE,ALERT,0.976523,"Repeated login failures","Repeated login failures; log failed logins is 10.36 standard deviations from the normal baseline"
F2025-375,TCP,BRUTE_FORCE,ALERT,0.966758,"No rule matched","No rule matched; log failed logins is 6.13 standard deviations from the normal baseline"
F2025-376,TCP,BRUTE_FORCE,ALERT,0.781064,"No rule matched","No rule matched; log failed logins is 4.62 standard deviations from the normal baseline"
F2025-377,TCP,PORT_SCAN,ALERT,0.941195,"No rule matched","No rule matched; log destination ports is 4.94 standard deviations from the normal baseline"
F2025-378,TCP,NORMAL,NORMAL,0.102522,"No rule matched","No rule matched; log destination ports is 1.20 standard deviations from the normal baseline"
F2025-379,TCP,NORMAL,NORMAL,0.063603,"No rule matched","No rule matched; log bytes is 0.62 standard deviations from the normal baseline"
F2025-380,TCP,DOS,ALERT,0.831822,"No rule matched","No rule matched; SYN ratio is 2.70 standard deviations from the normal baseline"
F2025-381,TCP,NORMAL,NORMAL,0.102476,"No rule matched","No rule matched; log destination ports is 1.71 standard deviations from the normal baseline"
F2025-382,TCP,NORMAL,NORMAL,0.181811,"No rule matched","No rule matched; log packets/s is 1.43 standard deviations from the normal baseline"
F2025-383,TCP,NORMAL,NORMAL,0.063334,"No rule matched","No rule matched; SYN ratio is 0.89 standard deviations from the normal baseline"
F2025-384,UDP,EXFILTRATION,ALERT,0.727244,"No rule matched","No rule matched; log bytes is 2.17 standard deviations from the normal baseline"
F2025-385,TCP,NORMAL,NORMAL,0.067022,"No rule matched","No rule matched; log destination ports is 1.20 standard deviations from the normal baseline"
F2025-386,TCP,NORMAL,NORMAL,0.101092,"No rule matched","No rule matched; log destination ports is 1.20 standard deviations from the normal baseline"
F2025-387,TCP,BRUTE_FORCE,ALERT,0.950000,"Repeated login failures","Repeated login failures; log failed logins is 6.68 standard deviations from the normal baseline"
F2025-388,ICMP,NORMAL,NORMAL,0.089830,"No rule matched","No rule matched; log destination ports is 1.20 standard deviations from the normal baseline"
F2025-389,TCP,BRUTE_FORCE,NORMAL,0.236908,"No rule matched","No rule matched; log failed logins is 3.62 standard deviations from the normal baseline"
F2025-390,TCP,EXFILTRATION,NORMAL,0.381852,"No rule matched","No rule matched; log bytes is 2.21 standard deviations from the normal baseline"
F2025-391,UDP,PORT_SCAN,ALERT,0.987822,"Port scan pattern","Port scan pattern; log destination ports is 5.70 standard deviations from the normal baseline"
F2025-392,TCP,DOS,ALERT,0.975596,"No rule matched","No rule matched; SYN ratio is 5.41 standard deviations from the normal baseline"
F2025-393,TCP,NORMAL,NORMAL,0.140999,"No rule matched","No rule matched; log packets/s is 2.28 standard deviations from the normal baseline"
F2025-394,TCP,NORMAL,NORMAL,0.153055,"No rule matched","No rule matched; log packets/s is 1.54 standard deviations from the normal baseline"
F2025-395,TCP,PORT_SCAN,ALERT,0.995903,"Port scan pattern","Port scan pattern; SYN ratio is 6.04 standard deviations from the normal baseline"
F2025-396,ICMP,DOS,ALERT,0.947066,"No rule matched","No rule matched; SYN ratio is 4.71 standard deviations from the normal baseline"
F2025-397,TCP,NORMAL,NORMAL,0.069008,"No rule matched","No rule matched; log destination ports is 1.71 standard deviations from the normal baseline"
F2025-398,TCP,EXFILTRATION,NORMAL,0.375215,"No rule matched","No rule matched; log duration is 1.48 standard deviations from the normal baseline"
F2025-399,TCP,NORMAL,NORMAL,0.238914,"No rule matched","No rule matched; log packets/s is 2.91 standard deviations from the normal baseline"
F2025-400,TCP,DOS,ALERT,0.920711,"No rule matched","No rule matched; SYN ratio is 4.13 standard deviations from the normal baseline"
