id,protocol,duration_ms,bytes,packets_per_second,syn_ratio,failed_logins,destination_ports,label
F42-1,TCP,688.818,3569.09,18.498,0.75,0.0,11.062,PORT_SCAN
F42-2,ICMP,432.159,19187.546,11.825,0.289,0.0,2.0,NORMAL
F42-3,TCP,277.322,51965.902,42.079,0.25,0.0,3.0,NORMAL
F42-4,TCP,795.057,1340.963,10.767,0.152,0.0,6.0,NORMAL
F42-5,TCP,2243.828,800020.423,24.016,0.063,0.0,3.0,NORMAL
F42-6,TCP,176.012,677.794,90.247,0.13,4.488,4.0,BRUTE_FORCE
F42-7,TCP,227.415,57958.017,73.073,0.162,0.0,1.0,NORMAL
F42-8,TCP,382.257,250588.275,38.893,0.135,0.0,3.0,NORMAL
F42-9,ICMP,1047.046,1206.082,11.691,0.342,0.0,4.0,NORMAL
F42-10,ICMP,306.071,14516.363,27.82,0.049,4.0,6.0,NORMAL
F42-11,UDP,2355.311,6110227.16,49.518,0.292,0.0,6.0,EXFILTRATION
F42-12,TCP,1342.092,14844.484,35.657,0.292,0.0,6.0,NORMAL
F42-13,TCP,1305.71,47013.915,74.978,0.215,0.0,4.0,NORMAL
F42-14,TCP,2438.342,9827614.567,47.211,0.132,0.0,3.0,EXFILTRATION
F42-15,TCP,101.734,20930.178,533.146,0.86,0.0,1.0,DOS
F42-16,TCP,3010.539,3185.827,110.15,0.297,10.56,3.0,BRUTE_FORCE
F42-17,TCP,763.51,1796.446,468.044,0.181,0.0,4.0,NORMAL
F42-18,TCP,12420.761,310.297,49.475,0.1,0.0,5.0,NORMAL
F42-19,TCP,964.326,114102.771,65.127,0.309,0.0,2.0,NORMAL
F42-20,UDP,2172.147,26790.95,372.057,0.349,4.0,2.0,NORMAL
F42-21,TCP,69.073,9838.8,2672.514,0.509,0.0,5.0,DOS
F42-22,TCP,2407.55,1859.815,15.892,0.681,0.0,32.107,PORT_SCAN
F42-23,TCP,34.625,2426.377,157.303,0.145,0.0,4.0,NORMAL
F42-24,TCP,426.715,59917.352,10.614,0.229,0.0,4.0,NORMAL
F42-25,TCP,605.673,2099724.935,78.272,0.046,0.0,5.0,NORMAL
F42-26,TCP,3069.647,20389.597,112.88,0.168,21.811,2.0,BRUTE_FORCE
F42-27,UDP,1976.868,5842604.255,321.799,0.146,0.0,6.0,EXFILTRATION
F42-28,ICMP,221.15,11567.901,983.463,0.512,0.0,3.0,DOS
F42-29,TCP,166.723,11934.876,403.53,0.146,0.0,3.0,NORMAL
F42-30,TCP,524.676,8968.16,10.578,0.255,25.117,4.0,BRUTE_FORCE
F42-31,ICMP,530.848,77770.166,58.756,0.004,0.0,4.0,NORMAL
F42-32,ICMP,516.627,3811.931,33.221,0.209,0.0,5.0,NORMAL
F42-33,ICMP,1741.0,11380.91,29.407,0.054,0.0,2.0,NORMAL
F42-34,TCP,51.666,47756.238,125.861,0.182,0.0,2.0,NORMAL
F42-35,TCP,1726.949,12028.331,28.704,0.233,22.741,6.0,BRUTE_FORCE
F42-36,UDP,54.31,6551.332,39.195,0.053,0.0,1.0,NORMAL
F42-37,ICMP,2571.355,2447.978,10.966,0.419,0.0,167.339,PORT_SCAN
F42-38,TCP,26.919,2680.792,120.684,0.376,0.0,43.91,PORT_SCAN
F42-39,TCP,4625.967,448058.051,49.793,0.097,0.0,4.0,EXFILTRATION
F42-40,TCP,2581.676,9781581.763,79.612,0.199,0.0,2.0,EXFILTRATION
F42-41,TCP,2113.577,2307.07,117.604,0.666,0.0,87.947,PORT_SCAN
F42-42,TCP,795.879,36203.307,102.559,0.3,0.0,2.0,NORMAL
F42-43,TCP,533.878,1688.444,142.806,0.283,0.0,1.0,NORMAL
F42-44,TCP,1007.77,2672.241,12.503,0.044,0.0,1.0,NORMAL
F42-45,TCP,132.691,57661.405,17.455,0.34,5.391,4.0,BRUTE_FORCE
F42-46,TCP,3109.743,7634586.352,13.616,0.095,0.0,6.0,EXFILTRATION
F42-47,TCP,4561.846,842195.18,32.341,0.34,0.0,3.0,EXFILTRATION
F42-48,TCP,748.846,1710.597,4.927,0.514,0.0,34.677,PORT_SCAN
F42-49,UDP,786.562,253410.001,27.07,0.291,0.0,3.0,NORMAL
F42-50,TCP,1055.699,25180.135,61.329,0.229,0.0,1.0,NORMAL
F42-51,TCP,253.523,12676.936,23.335,0.266,0.0,4.0,NORMAL
F42-52,TCP,293.566,857.047,245.939,0.406,0.0,34.097,PORT_SCAN
F42-53,TCP,5461.909,2091827.742,48.014,0.009,0.0,3.0,EXFILTRATION
F42-54,TCP,3397.331,23715.52,114.274,0.137,0.0,1.0,NORMAL
F42-55,ICMP,17.785,11062.472,20.042,0.806,0.0,15.783,PORT_SCAN
F42-56,ICMP,2444.906,4630382.577,16.166,0.281,0.0,1.0,EXFILTRATION
F42-57,TCP,1200.23,6113.464,65.496,0.138,3.0,5.0,NORMAL
F42-58,TCP,133.275,14558.106,47.134,0.106,0.0,6.0,NORMAL
F42-59,TCP,668.476,37374.783,113.532,0.336,12.677,3.0,BRUTE_FORCE
F42-60,TCP,129.209,868.019,2.015,0.051,8.241,1.0,BRUTE_FORCE
F42-61,UDP,222.322,14819.337,52.245,0.119,0.0,1.0,NORMAL
F42-62,TCP,19254.434,133458.297,17.168,0.244,57.428,6.0,BRUTE_FORCE
F42-63,TCP,1421.631,221067.72,5.085,0.29,0.0,1.0,NORMAL
F42-64,TCP,2465.502,3949.39,981.799,0.111,0.0,5.0,NORMAL
F42-65,TCP,96.125,1894.496,12.065,0.297,4.711,2.0,BRUTE_FORCE
F42-66,TCP,124.806,2284.75,208.068,0.223,0.0,2.0,NORMAL
F42-67,TCP,55.308,919.813,3421.263,0.941,0.0,4.0,DOS
F42-68,UDP,1479.694,10292.909,458.341,0.014,0.0,6.0,NORMAL
F42-69,TCP,1758.676,8387.259,42.628,0.121,12.756,5.0,BRUTE_FORCE
F42-70,TCP,201.807,30682.129,29.696,0.095,4.0,2.0,NORMAL
F42-71,TCP,4410.195,2280936.96,25.408,0.258,0.0,2.0,EXFILTRATION
F42-72,TCP,375.405,2903.001,777.131,0.231,0.0,4.0,NORMAL
F42-73,TCP,1048.526,17950.848,100.733,0.209,0.0,2.0,NORMAL
F42-74,TCP,690.863,622.088,87.614,0.69,0.0,27.216,PORT_SCAN
F42-75,TCP,102.606,2465.791,1902.628,0.756,0.0,6.0,DOS
F42-76,UDP,620.545,45801.446,82.176,0.223,3.0,3.0,NORMAL
F42-77,TCP,1927.016,5974.916,311.65,0.002,0.0,5.0,NORMAL
F42-78,TCP,183.317,30407.974,34.425,0.192,4.391,6.0,BRUTE_FORCE
F42-79,TCP,272.168,7076.086,55.236,0.316,0.0,3.0,NORMAL
F42-80,ICMP,75.539,21062.36,781.787,0.986,0.0,4.0,DOS
F42-81,TCP,135.595,9803.673,50.093,0.258,0.0,6.0,NORMAL
F42-82,ICMP,445.776,1315.69,47.63,0.44,0.0,20.896,PORT_SCAN
F42-83,TCP,74.03,33808.313,1380.27,0.978,0.0,6.0,DOS
F42-84,TCP,10536.604,3407551.854,154.648,0.292,0.0,1.0,EXFILTRATION
F42-85,UDP,140.119,22849.966,1017.629,0.802,0.0,1.0,DOS
F42-86,TCP,449.791,11487.489,43.173,0.033,0.0,4.0,NORMAL
F42-87,TCP,1457.294,9122.707,117.253,0.247,0.0,1.0,NORMAL
F42-88,TCP,453.166,5235.019,45.176,0.127,0.0,3.0,NORMAL
F42-89,UDP,119.455,23669.605,1592.718,0.492,0.0,6.0,DOS
F42-90,TCP,145.793,5490.901,90.07,0.072,0.0,4.0,NORMAL
F42-91,ICMP,232.161,308.718,89.69,0.352,0.0,16.93,PORT_SCAN
F42-92,ICMP,151.806,64040.157,42.523,0.126,0.0,6.0,NORMAL
F42-93,ICMP,423.647,1890.714,9.714,0.333,0.0,2.0,NORMAL
F42-94,TCP,286.271,2044.365,141.552,0.899,3.0,33.618,PORT_SCAN
F42-95,TCP,1176.736,1816.153,105.578,0.441,0.0,77.31,PORT_SCAN
F42-96,TCP,261.78,69915.381,44.228,0.14,0.0,2.0,NORMAL
F42-97,TCP,3050.858,2742432.679,191.561,0.079,0.0,3.0,EXFILTRATION
F42-98,TCP,704.528,550.848,115.58,0.124,5.5,2.0,BRUTE_FORCE
F42-99,TCP,370.836,2893.012,64.449,0.319,0.0,3.0,NORMAL
F42-100,TCP,429.97,135512.743,50.181,0.153,4.0,6.0,NORMAL
F42-101,TCP,240.663,1347.946,55.719,0.12,38.125,6.0,BRUTE_FORCE
F42-102,TCP,641.871,13524.808,42.151,0.162,0.0,4.0,NORMAL
F42-103,UDP,1230.391,6023.273,162.93,0.096,0.0,1.0,NORMAL
F42-104,TCP,5084.053,1614586.332,37.224,0.03,0.0,6.0,NORMAL
F42-105,TCP,19129.539,5452073.703,24.55,0.185,0.0,1.0,EXFILTRATION
F42-106,TCP,3431.857,62376.454,122.358,0.322,0.0,5.0,NORMAL
F42-107,TCP,380.976,7731.101,11.875,0.117,9.132,1.0,BRUTE_FORCE
F42-108,TCP,96.702,2201.488,792.557,0.942,2.0,1.0,DOS
F42-109,TCP,111.482,1494.629,74.793,0.114,0.0,1.0,NORMAL
F42-110,TCP,4110.543,2681.808,42.018,0.284,0.0,1.0,NORMAL
F42-111,ICMP,376.485,1908.834,55.394,0.599,0.0,124.084,PORT_SCAN
F42-112,TCP,1055.512,2008.442,218.578,0.624,0.0,79.826,PORT_SCAN
F42-113,TCP,323.261,11677.66,22.964,0.111,13.823,6.0,BRUTE_FORCE
F42-114,TCP,1647.771,17338.613,188.214,0.076,0.0,5.0,NORMAL
F42-115,TCP,10702.036,5406479.667,17.256,0.079,0.0,6.0,EXFILTRATION
F42-116,TCP,532.511,840.872,62.234,0.498,0.0,25.517,PORT_SCAN
F42-117,TCP,2052.365,1078404.007,42.819,0.045,3.0,5.0,EXFILTRATION
F42-118,TCP,366.127,436.811,62.816,0.479,0.0,45.693,PORT_SCAN
F42-119,TCP,65.907,27500.37,405.455,0.755,1.0,3.0,DOS
F42-120,TCP,208.468,2387.049,83.797,0.29,4.0,5.0,NORMAL
F42-121,TCP,2318.324,16016.721,95.585,0.096,0.0,5.0,NORMAL
F42-122,TCP,1865.918,1.008820743E7,25.393,0.133,0.0,2.0,EXFILTRATION
F42-123,TCP,252.754,262499.805,26.858,0.23,0.0,2.0,NORMAL
F42-124,TCP,334.326,12913.496,32.31,0.193,0.0,3.0,NORMAL
F42-125,TCP,559.697,718915.946,49.219,0.208,0.0,5.0,NORMAL
F42-126,TCP,99.542,27903.722,3350.993,0.624,0.0,2.0,DOS
F42-127,TCP,208.811,1776.45,50.824,0.299,4.0,4.0,NORMAL
F42-128,TCP,1030.109,289.786,84.161,0.53,0.0,23.538,PORT_SCAN
F42-129,TCP,1030.982,7880.05,164.591,0.236,0.0,2.0,NORMAL
F42-130,TCP,3890.579,2704598.298,12.305,0.305,0.0,3.0,EXFILTRATION
F42-131,TCP,397.992,7555.429,62.206,0.082,0.0,1.0,NORMAL
F42-132,TCP,526.458,13487.405,36.451,0.003,0.0,3.0,NORMAL
F42-133,TCP,976.122,29231.249,42.996,0.226,6.858,2.0,BRUTE_FORCE
F42-134,TCP,1619.034,4454127.83,36.041,0.196,0.0,5.0,EXFILTRATION
F42-135,TCP,320.73,2097.909,202.989,0.215,11.413,5.0,BRUTE_FORCE
F42-136,TCP,787.67,17541.69,15.724,0.152,0.0,2.0,NORMAL
F42-137,TCP,29334.205,1059182.834,23.263,0.088,0.0,3.0,EXFILTRATION
F42-138,TCP,1245.148,36559.199,139.706,0.215,0.0,6.0,NORMAL
F42-139,ICMP,1743.343,3350.971,147.021,0.003,0.0,2.0,NORMAL
F42-140,TCP,1725.012,7577369.117,19.707,0.348,0.0,3.0,EXFILTRATION
F42-141,TCP,4144.04,374.991,48.009,0.241,23.13,4.0,BRUTE_FORCE
F42-142,TCP,697.993,2237.871,94.906,0.638,0.0,43.822,PORT_SCAN
F42-143,TCP,167.066,1977.365,29.962,0.718,0.0,96.156,PORT_SCAN
F42-144,TCP,481.207,127741.8,549.102,0.264,0.0,2.0,NORMAL
F42-145,TCP,5801.778,318122.404,51.658,0.016,0.0,6.0,EXFILTRATION
F42-146,TCP,3367.739,10133.274,51.435,0.248,4.0,3.0,NORMAL
F42-147,TCP,74.799,135861.239,942.041,0.697,0.0,5.0,DOS
F42-148,TCP,10138.78,1491716.765,19.981,0.11,0.0,6.0,EXFILTRATION
F42-149,TCP,2718.778,86828.249,7.407,0.291,0.0,6.0,NORMAL
F42-150,ICMP,25.996,6109.007,2239.849,0.765,0.0,2.0,DOS
F42-151,ICMP,835.63,836571.215,65.386,0.168,0.0,2.0,EXFILTRATION
F42-152,TCP,300.427,10059.63,1223.157,0.314,0.0,2.0,NORMAL
F42-153,TCP,450.009,9420.05,81.272,0.114,0.0,3.0,NORMAL
F42-154,TCP,79.654,1330.25,72.197,0.254,0.0,1.0,NORMAL
F42-155,TCP,1651.301,477437.126,38.876,0.167,0.0,4.0,EXFILTRATION
F42-156,TCP,1816.436,55723.768,33.194,0.079,2.0,4.0,NORMAL
F42-157,ICMP,99.704,5487.343,52.694,0.297,0.0,4.0,NORMAL
F42-158,TCP,483.469,1018.666,24.993,0.359,0.0,43.469,PORT_SCAN
F42-159,ICMP,111.463,8202.394,70.912,0.322,0.0,3.0,NORMAL
F42-160,TCP,539.044,2542.539,8.388,0.234,0.0,2.0,NORMAL
F42-161,TCP,129.065,4980.736,13.981,0.201,0.0,6.0,NORMAL
F42-162,TCP,1310.092,28800.701,18.304,0.332,0.0,1.0,NORMAL
F42-163,ICMP,183.024,7652.907,11.081,0.06,0.0,6.0,NORMAL
F42-164,ICMP,2366.523,2118171.603,13.47,0.226,0.0,5.0,EXFILTRATION
F42-165,TCP,362.946,182111.292,76.312,0.255,0.0,3.0,EXFILTRATION
F42-166,TCP,298.929,3652.395,354.985,0.101,0.0,1.0,NORMAL
F42-167,TCP,2040.595,38226.135,69.428,0.073,0.0,2.0,NORMAL
F42-168,TCP,118.123,32039.438,1535.642,0.987,0.0,6.0,DOS
F42-169,TCP,1025.015,33439.004,55.939,0.179,0.0,2.0,NORMAL
F42-170,UDP,351.98,1724.142,49.858,0.45,0.0,17.056,PORT_SCAN
F42-171,TCP,3940.233,813.331,22.648,0.204,0.0,4.0,NORMAL
F42-172,UDP,254.425,8651.464,14.773,0.163,0.0,6.0,NORMAL
F42-173,TCP,562.537,48118.077,7.552,0.213,2.698,4.0,BRUTE_FORCE
F42-174,TCP,602.492,6765.067,63.512,0.339,0.0,5.0,NORMAL
F42-175,TCP,149.907,769.742,554.925,0.835,3.0,32.359,PORT_SCAN
F42-176,TCP,497.079,253031.978,70.308,0.277,0.0,2.0,NORMAL
F42-177,TCP,1739.539,1520551.274,37.202,0.136,0.0,4.0,EXFILTRATION
F42-178,TCP,3239.597,2724.716,23.827,0.269,7.697,6.0,BRUTE_FORCE
F42-179,UDP,1743.676,15590.602,20.187,0.237,0.0,5.0,NORMAL
F42-180,TCP,3761.393,3577268.802,81.646,0.028,0.0,3.0,EXFILTRATION
F42-181,TCP,96.156,2326.561,37.873,0.663,0.0,46.63,PORT_SCAN
F42-182,TCP,4340.725,50741.658,20.297,0.346,0.0,6.0,NORMAL
F42-183,TCP,3811.202,1074.271,35.285,0.239,0.0,1.0,NORMAL
F42-184,TCP,77.96,348477.659,2031.303,0.907,0.0,2.0,DOS
F42-185,TCP,1772.22,1400.661,10.603,0.352,0.0,138.538,PORT_SCAN
F42-186,UDP,175.111,37832.837,40.154,0.331,0.0,2.0,NORMAL
F42-187,TCP,74.611,2766.438,1162.325,0.784,0.0,3.0,DOS
F42-188,TCP,48.117,64987.418,17.611,0.127,0.0,5.0,NORMAL
F42-189,TCP,204.312,75.759,30.333,0.039,0.0,5.0,NORMAL
F42-190,TCP,8072.995,2580.068,20.113,0.306,7.426,2.0,BRUTE_FORCE
F42-191,TCP,1202.474,50141.952,10.945,0.033,0.0,6.0,NORMAL
F42-192,UDP,374.9,10251.11,23.103,0.047,0.0,5.0,NORMAL
F42-193,TCP,351.078,11849.746,4.032,0.332,0.0,4.0,NORMAL
F42-194,ICMP,829.161,9698457.78,53.772,0.246,0.0,6.0,EXFILTRATION
F42-195,TCP,286.409,8226.08,171.973,0.232,9.476,3.0,BRUTE_FORCE
F42-196,TCP,75.732,13604.626,2201.86,0.456,0.0,3.0,DOS
F42-197,TCP,1531.231,23240.694,35.669,0.209,0.0,6.0,NORMAL
F42-198,TCP,644.776,4172.138,36.971,0.616,0.0,52.99,PORT_SCAN
F42-199,TCP,1805.071,2185.168,113.687,0.06,0.0,2.0,NORMAL
F42-200,TCP,2128.31,2152466.168,35.097,0.229,2.0,5.0,NORMAL
F42-201,UDP,94.691,2253.675,64.487,0.009,0.0,6.0,NORMAL
F42-202,TCP,149.278,1567.7,41.39,0.179,20.778,3.0,BRUTE_FORCE
F42-203,TCP,40.249,1649.147,1115.747,0.873,3.0,3.0,DOS
F42-204,TCP,808.107,44939.906,16.353,0.143,0.0,3.0,NORMAL
F42-205,TCP,90.798,5429.829,198.217,0.078,12.184,4.0,BRUTE_FORCE
F42-206,TCP,1195.373,5602.861,79.484,0.314,0.0,2.0,NORMAL
F42-207,TCP,7420.543,21159.673,166.085,0.129,0.0,5.0,NORMAL
F42-208,TCP,192.041,115666.641,1271.054,0.969,0.0,6.0,DOS
F42-209,TCP,270.346,447.662,24.027,0.323,0.0,4.0,NORMAL
F42-210,TCP,100.952,342.634,62.179,0.254,32.317,6.0,BRUTE_FORCE
F42-211,TCP,175.047,3573.268,87.224,0.785,0.0,18.742,PORT_SCAN
F42-212,TCP,1413.534,4573.489,13.906,0.298,13.512,2.0,BRUTE_FORCE
F42-213,TCP,139.971,8778.619,2695.259,0.595,0.0,1.0,DOS
F42-214,UDP,4502.588,689793.615,29.357,0.232,0.0,5.0,EXFILTRATION
F42-215,UDP,789.086,2774.275,205.623,0.043,0.0,3.0,NORMAL
F42-216,TCP,866.519,39749.652,7.061,0.154,14.729,3.0,BRUTE_FORCE
F42-217,TCP,5155.098,833.211,57.233,0.661,0.0,50.616,PORT_SCAN
F42-218,TCP,143.865,12932.735,84.973,0.085,15.943,1.0,BRUTE_FORCE
F42-219,TCP,332.455,5661.692,23.57,0.347,7.479,6.0,BRUTE_FORCE
F42-220,TCP,249.879,913932.671,12.962,0.264,0.0,3.0,NORMAL
F42-221,TCP,36.131,67534.794,81.458,0.013,0.0,4.0,NORMAL
F42-222,TCP,229.147,3395.154,1824.028,0.869,0.0,6.0,DOS
F42-223,TCP,190.481,14302.256,17.931,0.252,18.203,6.0,BRUTE_FORCE
F42-224,TCP,262.62,8432.22,2874.701,0.813,0.0,1.0,DOS
F42-225,ICMP,1258.801,8561.933,32.731,0.032,4.0,5.0,NORMAL
F42-226,TCP,2240.776,3921.35,54.655,0.186,0.0,6.0,NORMAL
F42-227,TCP,230.149,8647.914,22.016,0.185,0.0,3.0,NORMAL
F42-228,TCP,686.053,9808.837,15.78,0.208,12.322,6.0,BRUTE_FORCE
F42-229,TCP,137.495,4277.628,96.924,0.538,0.0,30.88,PORT_SCAN
F42-230,TCP,34.458,4478.596,49.771,0.706,0.0,44.713,PORT_SCAN
F42-231,UDP,428.33,1910.005,68.079,0.314,0.0,51.802,PORT_SCAN
F42-232,TCP,601.248,24540.569,31.908,0.032,8.325,4.0,BRUTE_FORCE
F42-233,TCP,129.05,41742.17,1998.863,0.947,0.0,1.0,DOS
F42-234,TCP,741.806,5364.601,15.696,0.852,0.0,48.765,PORT_SCAN
F42-235,TCP,437.698,1444.71,13.848,0.171,20.852,1.0,BRUTE_FORCE
F42-236,ICMP,100.376,2612.735,37.45,0.11,0.0,1.0,NORMAL
F42-237,UDP,339.069,1410.669,62.228,0.319,0.0,3.0,NORMAL
F42-238,ICMP,845.073,2990257.936,8.393,0.035,0.0,4.0,EXFILTRATION
F42-239,UDP,262.874,1211.965,44.607,0.135,0.0,4.0,NORMAL
F42-240,TCP,1182.688,487782.314,8.002,0.174,0.0,4.0,NORMAL
F42-241,TCP,410.608,627.652,65.932,0.789,0.0,33.22,PORT_SCAN
F42-242,TCP,133.547,1049.754,22.885,0.295,3.0,6.0,NORMAL
F42-243,TCP,39.36,28423.61,1001.345,0.668,0.0,4.0,DOS
F42-244,UDP,684.634,2461.782,321.169,0.18,0.0,4.0,NORMAL
F42-245,TCP,101.963,5500.246,3875.792,0.557,0.0,2.0,DOS
F42-246,TCP,2512.178,15021.896,48.399,0.099,0.0,4.0,NORMAL
F42-247,TCP,712.043,15352.533,28.184,0.176,1.0,4.0,NORMAL
F42-248,UDP,3690.818,769.43,338.48,0.496,0.0,23.629,PORT_SCAN
F42-249,TCP,175.081,23335.56,31.033,0.125,0.0,1.0,NORMAL
F42-250,TCP,1813.488,686.718,55.122,0.751,4.0,16.743,PORT_SCAN
F42-251,TCP,188.384,28311.855,88.156,0.326,0.0,3.0,NORMAL
F42-252,TCP,123.829,520.096,805.223,0.873,0.0,1.0,DOS
F42-253,TCP,3708.04,1143.702,81.474,0.136,0.0,4.0,NORMAL
F42-254,TCP,1872.241,5384828.581,43.299,0.028,0.0,5.0,EXFILTRATION
F42-255,TCP,405.227,1938.729,28.132,0.261,0.0,2.0,NORMAL
F42-256,TCP,308.55,6471.096,102.13,0.112,0.0,3.0,NORMAL
F42-257,TCP,616.983,1972.075,16.479,0.001,14.6,1.0,BRUTE_FORCE
F42-258,TCP,2181.02,1087.048,190.057,0.567,0.0,23.18,PORT_SCAN
F42-259,TCP,55.517,4606.219,37.428,0.249,14.302,6.0,BRUTE_FORCE
F42-260,TCP,223.209,15205.303,68.689,0.282,0.0,5.0,NORMAL
F42-261,UDP,205.764,805.376,894.211,0.5,0.0,6.0,DOS
F42-262,TCP,579.677,22469.769,205.942,0.265,8.845,2.0,BRUTE_FORCE
F42-263,ICMP,702.767,1078.921,23.336,0.323,0.0,29.409,PORT_SCAN
F42-264,TCP,1166.552,23948.791,29.364,0.117,0.0,3.0,NORMAL
F42-265,TCP,86.154,4904.695,284.956,0.746,0.0,6.0,DOS
F42-266,UDP,723.212,38704.034,27.343,0.326,0.0,3.0,NORMAL
F42-267,TCP,4035.861,50048.135,972.721,0.085,0.0,6.0,NORMAL
F42-268,TCP,196.831,1684.714,37.349,0.306,0.0,1.0,NORMAL
F42-269,TCP,247.71,3155.567,65.952,0.326,0.0,2.0,NORMAL
F42-270,TCP,1244.402,32094.586,51.471,0.141,0.0,1.0,NORMAL
F42-271,TCP,9447.831,996825.976,30.119,0.228,0.0,3.0,EXFILTRATION
F42-272,TCP,1703.064,9883.183,118.449,0.048,7.467,6.0,BRUTE_FORCE
F42-273,TCP,226.835,4219.258,23.01,0.259,5.204,1.0,BRUTE_FORCE
F42-274,TCP,341.271,3240.02,22.957,0.831,0.0,47.433,PORT_SCAN
F42-275,TCP,17.854,56145.585,378.731,0.51,0.0,2.0,DOS
F42-276,TCP,107.411,1038.368,88.166,0.128,0.0,2.0,NORMAL
F42-277,UDP,6833.408,629510.192,11.959,0.242,0.0,2.0,EXFILTRATION
F42-278,TCP,266.968,5278.547,89.189,0.226,0.0,1.0,NORMAL
F42-279,TCP,26.32,4326.829,2582.004,0.885,0.0,1.0,DOS
F42-280,TCP,40.247,3519.606,300.782,0.68,0.0,4.0,DOS
F42-281,TCP,263.837,3110.34,258.626,0.302,0.0,2.0,NORMAL
F42-282,TCP,558.224,1147.414,83.435,0.33,0.0,5.0,NORMAL
F42-283,TCP,95.922,2591.485,21.43,0.22,0.0,1.0,NORMAL
F42-284,TCP,206.136,3314.321,1781.22,0.128,0.0,2.0,NORMAL
F42-285,TCP,147.005,5999.901,63.745,0.081,12.509,4.0,BRUTE_FORCE
F42-286,TCP,413.671,9747.566,26.986,0.245,0.0,4.0,NORMAL
F42-287,TCP,467.851,578.085,33.863,0.827,0.0,14.101,PORT_SCAN
F42-288,TCP,248.151,108746.262,59.169,0.096,0.0,1.0,NORMAL
F42-289,TCP,422.975,8925.311,55.872,0.118,0.0,6.0,NORMAL
F42-290,ICMP,46.4,5486.819,3088.213,0.899,0.0,6.0,DOS
F42-291,TCP,4076.3,1191.478,33.628,0.017,0.0,6.0,NORMAL
F42-292,TCP,91.844,11387.41,6669.253,0.494,0.0,3.0,DOS
F42-293,TCP,1222.865,3795.489,82.488,0.213,0.0,2.0,NORMAL
F42-294,TCP,290.585,3892.31,43.899,0.619,0.0,75.447,PORT_SCAN
F42-295,TCP,524.848,12112.696,228.323,0.343,0.0,5.0,NORMAL
F42-296,TCP,6853.773,9969.103,23.151,0.332,0.0,3.0,NORMAL
F42-297,TCP,86.249,11541.9,17.327,0.289,0.0,2.0,NORMAL
F42-298,TCP,1317.96,10419.532,23.227,0.1,0.0,3.0,NORMAL
F42-299,TCP,122.761,10044.102,1540.622,0.899,0.0,2.0,DOS
F42-300,TCP,119.238,32113.269,12.927,0.275,0.0,1.0,NORMAL
F42-301,TCP,2327.706,37931.777,64.931,0.12,7.419,5.0,BRUTE_FORCE
F42-302,TCP,2644.308,1210.169,20.55,0.33,0.0,43.223,PORT_SCAN
F42-303,TCP,1910.638,8525.325,75.605,0.204,0.0,6.0,NORMAL
F42-304,TCP,29.731,8746.012,2132.427,0.623,0.0,1.0,DOS
F42-305,TCP,115.057,6971.0,60.262,0.157,0.0,6.0,NORMAL
F42-306,TCP,102.466,3292.885,18.69,0.118,11.651,1.0,BRUTE_FORCE
F42-307,TCP,448.509,833.995,41.423,0.365,0.0,30.844,PORT_SCAN
F42-308,ICMP,383.644,2143.172,118.547,0.307,0.0,3.0,NORMAL
F42-309,TCP,111.366,14771.063,74.755,0.016,1.0,1.0,NORMAL
F42-310,TCP,238.451,3103.48,7.986,0.455,0.0,99.226,PORT_SCAN
F42-311,TCP,358.726,12134.095,1051.505,0.562,0.0,3.0,DOS
F42-312,TCP,1268.091,136645.183,66.85,0.002,0.0,5.0,NORMAL
F42-313,ICMP,91.039,25545.738,1576.294,0.96,0.0,2.0,DOS
F42-314,TCP,165.73,78135.702,2652.06,0.172,0.0,5.0,NORMAL
F42-315,TCP,1093.718,20117.23,66.395,0.137,23.08,2.0,BRUTE_FORCE
F42-316,UDP,109.045,2718.839,1740.53,0.72,4.0,2.0,DOS
F42-317,TCP,4870.73,15413.098,240.301,0.342,0.0,6.0,NORMAL
F42-318,TCP,17.679,920.605,763.605,0.723,0.0,5.0,DOS
F42-319,TCP,481.924,44368.626,24.415,0.152,0.0,1.0,NORMAL
F42-320,TCP,142.73,12601.719,52.47,0.26,0.0,5.0,NORMAL
F42-321,TCP,645.15,76385.019,43.121,0.008,0.0,1.0,NORMAL
F42-322,TCP,2074.35,532.287,2704.55,0.133,0.0,6.0,NORMAL
F42-323,TCP,217.047,1807.077,27.601,0.344,0.0,3.0,NORMAL
F42-324,TCP,2035.678,37282.162,14.621,0.02,0.0,5.0,NORMAL
F42-325,TCP,1252.281,7758.635,101.691,0.219,0.0,2.0,NORMAL
F42-326,TCP,135.719,137152.905,46.524,0.018,3.0,5.0,NORMAL
F42-327,TCP,363.657,4814.453,26.123,0.307,0.0,3.0,NORMAL
F42-328,TCP,107.787,1019.122,6.567,0.512,0.0,137.294,PORT_SCAN
F42-329,TCP,34.073,146624.782,677.283,0.699,0.0,4.0,DOS
F42-330,TCP,5004.228,578633.093,52.382,0.315,0.0,4.0,EXFILTRATION
F42-331,TCP,1559.521,1279.655,88.002,0.253,0.0,6.0,NORMAL
F42-332,TCP,2007.742,784091.218,9.513,0.147,0.0,4.0,EXFILTRATION
F42-333,TCP,1177.565,1574713.211,78.649,0.278,0.0,5.0,EXFILTRATION
F42-334,TCP,522.538,28063.989,5021.016,0.129,0.0,6.0,NORMAL
F42-335,TCP,429.94,67071.09,94.579,0.35,0.0,4.0,NORMAL
F42-336,TCP,1939.255,23192.21,351.897,0.146,0.0,6.0,NORMAL
F42-337,TCP,640.0,1295345.115,19.513,0.071,1.0,1.0,NORMAL
F42-338,UDP,3348.826,2780.895,2659.864,0.001,0.0,3.0,NORMAL
F42-339,TCP,312.535,3639.747,8.983,0.105,0.0,6.0,NORMAL
F42-340,TCP,2114.98,4376.033,11.43,0.151,1.0,4.0,NORMAL
F42-341,TCP,55.517,6658.648,2823.624,0.491,0.0,5.0,DOS
F42-342,UDP,35.123,25868.672,2921.175,0.902,0.0,2.0,DOS
F42-343,TCP,83.243,458.7,10.038,0.026,0.0,5.0,NORMAL
F42-344,TCP,1063.463,914281.613,5.468,0.286,0.0,3.0,EXFILTRATION
F42-345,ICMP,145.939,1.0646134547E7,137.567,0.141,0.0,2.0,EXFILTRATION
F42-346,TCP,248.65,5879.295,641.436,0.081,10.596,3.0,BRUTE_FORCE
F42-347,TCP,17960.245,3402.051,40.573,0.336,4.99,5.0,BRUTE_FORCE
F42-348,TCP,2486.335,620214.945,76.31,0.089,0.0,2.0,NORMAL
F42-349,TCP,1081.841,13668.145,37.88,0.302,0.0,3.0,NORMAL
F42-350,ICMP,1258.179,8932.724,79.749,0.099,0.0,6.0,NORMAL
F42-351,TCP,732.218,4914.37,31.61,0.786,0.0,49.766,PORT_SCAN
F42-352,TCP,1916.611,2439.099,20.201,0.217,17.61,3.0,BRUTE_FORCE
F42-353,TCP,121.392,1338.887,267.84,0.061,0.0,2.0,NORMAL
F42-354,TCP,3791.018,1530.56,518.648,0.217,0.0,5.0,NORMAL
F42-355,UDP,134.6,217374.957,79.58,0.166,0.0,6.0,NORMAL
F42-356,TCP,81.592,18886.002,9.26,0.292,0.0,3.0,NORMAL
F42-357,TCP,519.084,10314.568,266.48,0.136,0.0,2.0,NORMAL
F42-358,TCP,428.313,6179.572,127.551,0.258,19.955,2.0,BRUTE_FORCE
F42-359,UDP,84.194,943.112,2593.803,0.788,0.0,1.0,DOS
F42-360,TCP,312.373,2561.273,82.987,0.2,0.0,6.0,NORMAL
F42-361,TCP,569.16,1970392.827,164.046,0.173,0.0,2.0,EXFILTRATION
F42-362,UDP,889.696,1298.357,2.691,0.285,0.0,1.0,NORMAL
F42-363,TCP,25.988,1385.496,2008.661,0.708,0.0,3.0,DOS
F42-364,UDP,87.379,30507.057,632.022,0.126,0.0,5.0,NORMAL
F42-365,UDP,110.392,24054.515,201.381,0.315,0.0,1.0,NORMAL
F42-366,TCP,123.21,1507.625,94.791,0.209,0.0,1.0,NORMAL
F42-367,TCP,78.002,2076.303,225.328,0.073,0.0,5.0,NORMAL
F42-368,TCP,82.791,5497.375,345.203,0.849,0.0,3.0,DOS
F42-369,TCP,12374.645,1124.119,153.486,0.892,0.0,16.627,PORT_SCAN
F42-370,TCP,150.623,1579.051,32.024,0.151,0.0,2.0,NORMAL
F42-371,TCP,273.368,16700.445,123.409,0.181,10.973,2.0,BRUTE_FORCE
F42-372,TCP,4712.938,6403.825,54.289,0.067,9.406,1.0,BRUTE_FORCE
F42-373,TCP,1910.449,186513.077,48.378,0.047,0.0,2.0,NORMAL
F42-374,TCP,643.05,14718.224,121.488,0.274,0.0,2.0,NORMAL
F42-375,TCP,502.039,878.847,22.437,0.15,0.0,5.0,NORMAL
F42-376,TCP,1441.218,248.309,49.161,0.658,0.0,5.816,PORT_SCAN
F42-377,TCP,77.382,454.429,75.066,0.12,0.0,1.0,NORMAL
F42-378,TCP,1345.204,2150.415,21.254,0.151,0.0,6.0,NORMAL
F42-379,ICMP,492.435,26973.979,117.985,0.302,0.0,5.0,NORMAL
F42-380,TCP,349.073,2517.552,77.386,0.651,0.0,117.816,PORT_SCAN
F42-381,UDP,6856.012,4954707.254,39.931,0.102,0.0,6.0,EXFILTRATION
F42-382,TCP,115.588,7761.487,99.077,0.183,0.0,6.0,NORMAL
F42-383,TCP,596.5,5158.163,85.633,0.072,28.356,5.0,BRUTE_FORCE
F42-384,TCP,957.895,158025.623,142.667,0.081,0.0,1.0,EXFILTRATION
F42-385,TCP,979.483,9943.429,3832.384,0.161,0.0,5.0,NORMAL
F42-386,TCP,26.892,42021.786,2150.347,0.959,0.0,4.0,DOS
F42-387,TCP,128.184,1499.644,36.582,0.563,0.0,77.385,PORT_SCAN
F42-388,TCP,89.947,2656.31,1214.181,0.69,2.0,3.0,DOS
F42-389,UDP,715.127,35829.071,119.216,0.078,0.0,6.0,NORMAL
F42-390,TCP,2057.33,76199.364,235.361,0.015,0.0,4.0,NORMAL
F42-391,TCP,276.67,43159.63,36.533,0.275,0.0,1.0,NORMAL
F42-392,TCP,740.835,1642.112,44.244,0.697,0.0,31.873,PORT_SCAN
F42-393,TCP,153.922,3790.02,38.546,0.208,0.0,2.0,NORMAL
F42-394,TCP,142.146,25444.733,6.113,0.316,0.0,2.0,NORMAL
F42-395,TCP,251.983,30975.487,43.673,0.347,2.0,2.0,NORMAL
F42-396,TCP,187.324,47018.036,26.914,0.242,0.0,6.0,NORMAL
F42-397,TCP,57.873,343.994,35.226,0.187,0.0,5.0,NORMAL
F42-398,ICMP,2193.119,5188.889,36.658,0.322,0.0,1.0,NORMAL
F42-399,TCP,2332.035,2383.906,87.175,0.296,0.0,2.0,NORMAL
F42-400,TCP,433.002,16922.406,5.309,0.2,0.0,4.0,NORMAL
F42-401,TCP,902.764,1989324.33,9.354,0.077,0.0,1.0,EXFILTRATION
F42-402,TCP,91.981,9949.06,503.402,0.613,0.0,3.0,DOS
F42-403,TCP,222.453,6638.04,101.775,0.23,0.0,2.0,NORMAL
F42-404,TCP,74.391,8648.516,331.389,0.677,0.0,5.0,DOS
F42-405,TCP,475.101,78965.511,69.79,0.192,4.0,1.0,NORMAL
F42-406,TCP,225.98,101668.992,42.445,0.023,13.927,6.0,BRUTE_FORCE
F42-407,TCP,88.871,1989.988,765.415,0.654,0.0,3.0,DOS
F42-408,ICMP,919.844,5452.989,22.81,0.289,3.0,2.0,NORMAL
F42-409,TCP,1390.787,2206.324,78.947,0.468,0.0,33.13,PORT_SCAN
F42-410,TCP,365.048,237148.137,28.969,0.16,6.096,1.0,BRUTE_FORCE
F42-411,TCP,100.928,123065.901,418.342,0.471,0.0,3.0,DOS
F42-412,TCP,375.077,17754.378,16.059,0.194,0.0,5.0,NORMAL
F42-413,UDP,176.516,36724.252,1054.603,0.101,0.0,5.0,NORMAL
F42-414,TCP,658.087,1187.492,57.522,0.049,20.641,5.0,BRUTE_FORCE
F42-415,TCP,2037.106,57288.331,78.45,0.658,0.0,37.257,PORT_SCAN
F42-416,TCP,275.184,46075.274,63.113,0.322,0.0,4.0,NORMAL
F42-417,TCP,58.055,1894.622,962.37,0.903,0.0,3.0,DOS
F42-418,TCP,1733.755,55609.088,34.323,0.051,0.0,6.0,NORMAL
F42-419,TCP,175.828,35394.395,2099.597,0.736,0.0,4.0,DOS
F42-420,TCP,1612.718,551.967,65.411,0.01,0.0,3.0,NORMAL
F42-421,TCP,770.332,598443.941,28.868,0.103,0.0,2.0,EXFILTRATION
F42-422,TCP,41.406,12099.121,20.787,0.257,0.0,2.0,NORMAL
F42-423,TCP,101.199,740.048,1249.533,0.653,0.0,5.0,DOS
F42-424,TCP,929.043,837.993,55.059,0.184,0.0,6.0,NORMAL
F42-425,UDP,1598.816,502487.241,66.402,0.135,0.0,1.0,NORMAL
F42-426,TCP,922.674,60746.83,659.882,0.166,0.0,1.0,NORMAL
F42-427,TCP,1858.902,24450.178,95.262,0.019,0.0,3.0,NORMAL
F42-428,UDP,1933.039,9739.494,76.531,0.244,0.0,3.0,NORMAL
F42-429,ICMP,148.256,25616.901,23.542,0.305,0.0,2.0,NORMAL
F42-430,TCP,400.218,50886.224,10.755,0.041,0.0,6.0,NORMAL
F42-431,TCP,929.337,26184.814,173.225,0.003,6.607,3.0,BRUTE_FORCE
F42-432,TCP,2589.171,32445.199,50.452,0.072,0.0,3.0,NORMAL
F42-433,TCP,336.112,2144.106,77.76,0.326,9.483,4.0,BRUTE_FORCE
F42-434,TCP,2473.459,8906.627,57.134,0.171,0.0,5.0,NORMAL
F42-435,TCP,2275.444,55428.441,55.342,0.048,0.0,2.0,NORMAL
F42-436,TCP,88.043,8658.693,10.553,0.11,20.083,5.0,BRUTE_FORCE
F42-437,TCP,2541.937,335442.214,213.682,0.143,0.0,2.0,EXFILTRATION
F42-438,TCP,4387.412,964073.198,46.976,0.078,0.0,3.0,EXFILTRATION
F42-439,TCP,63.301,4806.359,63.966,0.109,18.501,4.0,BRUTE_FORCE
F42-440,ICMP,121.074,3987.385,121.744,0.15,0.0,6.0,NORMAL
F42-441,TCP,108.252,9154.698,27.278,0.176,0.0,1.0,NORMAL
F42-442,TCP,228.617,5238.197,410.754,0.235,16.739,1.0,BRUTE_FORCE
F42-443,TCP,337.484,265.425,23.663,0.588,0.0,30.156,PORT_SCAN
F42-444,TCP,5147.85,14042.201,53.671,0.244,14.621,1.0,BRUTE_FORCE
F42-445,ICMP,564.845,3984.231,74.738,0.27,0.0,1.0,NORMAL
F42-446,TCP,662.774,20980.373,70.733,0.009,0.0,2.0,NORMAL
F42-447,TCP,33.036,12852.243,218.304,0.112,25.723,4.0,BRUTE_FORCE
F42-448,UDP,957.647,30142.655,2600.424,0.267,0.0,1.0,NORMAL
F42-449,TCP,304.009,94992.355,19.026,0.26,0.0,2.0,NORMAL
F42-450,TCP,662.988,59056.493,179.671,0.305,0.0,1.0,NORMAL
F42-451,UDP,66.844,13897.712,30.515,0.187,0.0,1.0,NORMAL
F42-452,TCP,1269.746,1385.057,7.474,0.061,0.0,4.0,NORMAL
F42-453,TCP,174.968,8836.433,57.905,0.254,0.0,6.0,NORMAL
F42-454,TCP,7262.002,561243.342,47.036,0.138,0.0,2.0,EXFILTRATION
F42-455,TCP,603.773,152257.575,20.377,0.079,0.0,2.0,NORMAL
F42-456,TCP,108.167,10551.126,19.608,0.204,0.0,4.0,NORMAL
F42-457,TCP,171.301,13389.741,85.394,0.313,0.0,4.0,NORMAL
F42-458,ICMP,825.865,13379.46,71.095,0.049,0.0,2.0,NORMAL
F42-459,TCP,526.542,8586.104,68.704,0.15,0.0,2.0,NORMAL
F42-460,TCP,165.236,81285.907,64.501,0.242,2.0,1.0,NORMAL
F42-461,TCP,761.599,1003.327,38.656,0.143,0.0,4.0,NORMAL
F42-462,TCP,638.833,8699.746,16.228,0.135,3.462,2.0,BRUTE_FORCE
F42-463,UDP,300.458,2546.547,11.253,0.416,1.0,40.953,PORT_SCAN
F42-464,TCP,13033.505,2488.591,188.181,0.616,0.0,23.508,PORT_SCAN
F42-465,ICMP,134.011,45407.215,28.483,0.058,0.0,6.0,NORMAL
F42-466,TCP,53.241,65145.268,691.341,0.858,0.0,4.0,DOS
F42-467,TCP,1114.796,342652.268,21.282,0.286,0.0,4.0,NORMAL
F42-468,UDP,10767.815,5546262.733,33.957,0.311,0.0,1.0,EXFILTRATION
F42-469,TCP,167.904,566.021,248.003,0.388,0.0,68.827,PORT_SCAN
F42-470,TCP,3437.147,15868.583,80.916,0.043,6.276,4.0,BRUTE_FORCE
F42-471,TCP,195.311,1160.069,33.566,0.866,0.0,25.784,PORT_SCAN
F42-472,TCP,120.667,11687.141,552.951,0.27,0.0,1.0,NORMAL
F42-473,ICMP,2759.41,547182.458,16.147,0.068,0.0,6.0,EXFILTRATION
F42-474,TCP,1579.002,3117.418,29.164,0.898,0.0,15.471,PORT_SCAN
F42-475,UDP,1107.58,12803.965,21.103,0.211,0.0,3.0,NORMAL
F42-476,TCP,1121.89,645369.641,15.497,0.269,0.0,3.0,EXFILTRATION
F42-477,ICMP,1144.044,382.924,23.434,0.033,0.0,2.0,NORMAL
F42-478,TCP,70.416,15287.432,25.363,0.715,0.0,81.084,PORT_SCAN
F42-479,TCP,1327.057,905581.918,184.944,0.265,0.0,6.0,NORMAL
F42-480,TCP,563.801,10215.645,68.32,0.072,0.0,2.0,NORMAL
F42-481,TCP,1415.036,45596.961,15.137,0.151,0.0,6.0,NORMAL
F42-482,TCP,7446.698,525.633,15.964,0.278,5.566,5.0,BRUTE_FORCE
F42-483,TCP,1183.269,21345.037,62.372,0.236,0.0,4.0,NORMAL
F42-484,UDP,61.487,3639.212,1244.652,0.913,0.0,6.0,DOS
F42-485,TCP,1210.798,14220.792,190.977,0.051,0.0,2.0,NORMAL
F42-486,TCP,1218.513,26889.312,80.862,0.011,0.0,2.0,NORMAL
F42-487,TCP,4544.753,217843.083,9.079,0.098,17.254,6.0,BRUTE_FORCE
F42-488,UDP,437.46,420203.103,85.732,0.14,0.0,3.0,NORMAL
F42-489,TCP,67.711,222742.904,68.535,0.113,0.0,1.0,NORMAL
F42-490,TCP,1761.897,1610638.547,259.026,0.224,0.0,4.0,EXFILTRATION
F42-491,TCP,444.356,16850.614,202.09,0.338,0.0,1.0,NORMAL
F42-492,TCP,1859.062,9075.341,58.807,0.659,0.0,55.309,PORT_SCAN
F42-493,ICMP,283.326,1446.252,2245.426,0.265,0.0,1.0,NORMAL
F42-494,TCP,395.643,287769.541,57.842,0.32,0.0,6.0,NORMAL
F42-495,UDP,1360.012,10665.885,89.962,0.105,0.0,5.0,NORMAL
F42-496,TCP,79.065,23388.029,34.924,0.135,0.0,6.0,NORMAL
F42-497,TCP,588.324,3008.351,19.395,0.116,0.0,5.0,NORMAL
F42-498,TCP,1120.575,427453.917,79.288,0.237,0.0,3.0,EXFILTRATION
F42-499,ICMP,400.397,2847.992,58.128,0.012,0.0,1.0,NORMAL
F42-500,TCP,384.479,529.27,140.985,0.686,2.0,35.765,PORT_SCAN
F42-501,TCP,1244.608,4372.807,7.296,0.482,0.0,35.813,PORT_SCAN
F42-502,UDP,421.589,39752.755,75.489,0.323,0.0,6.0,NORMAL
F42-503,TCP,118.979,3648.53,6.479,0.163,6.697,6.0,BRUTE_FORCE
F42-504,TCP,13.738,23178.898,13.474,0.31,0.0,5.0,NORMAL
F42-505,TCP,72.18,6956.465,412.726,0.767,0.0,2.0,DOS
F42-506,UDP,957.643,3035.488,20.12,0.233,0.0,5.0,NORMAL
F42-507,TCP,949.656,135.617,98.446,0.341,2.0,6.0,NORMAL
F42-508,TCP,1284.774,61.071,92.7,0.892,0.0,41.622,PORT_SCAN
F42-509,ICMP,2890.096,275.958,148.359,0.861,0.0,44.49,PORT_SCAN
F42-510,TCP,941.465,56514.887,6.838,0.266,6.017,6.0,BRUTE_FORCE
F42-511,TCP,2345.235,27283.566,383.489,0.004,19.982,1.0,BRUTE_FORCE
F42-512,TCP,19.612,24208.913,1573.621,0.639,0.0,1.0,DOS
F42-513,TCP,97.198,5630.431,144.406,0.253,0.0,5.0,NORMAL
F42-514,TCP,7856.982,1652.923,37.64,0.444,0.0,51.442,PORT_SCAN
F42-515,ICMP,200.444,606.179,129.253,0.201,0.0,5.0,NORMAL
F42-516,TCP,167.776,5368.764,466.074,0.272,0.0,6.0,NORMAL
F42-517,TCP,102.303,4478.115,53.521,0.177,0.0,1.0,NORMAL
F42-518,TCP,459.094,13614.45,101.99,0.322,0.0,4.0,NORMAL
F42-519,TCP,331.926,60690.65,26.65,0.08,0.0,3.0,NORMAL
F42-520,UDP,357.376,13770.848,45.472,0.098,0.0,5.0,NORMAL
F42-521,TCP,2124.394,12140.021,4231.606,0.335,0.0,1.0,NORMAL
F42-522,TCP,31.539,4146.415,5.438,0.08,3.0,5.0,NORMAL
F42-523,TCP,1150.54,7668.884,14.611,0.098,76.143,1.0,BRUTE_FORCE
F42-524,TCP,1930.109,168568.812,50.597,0.042,0.0,4.0,EXFILTRATION
F42-525,TCP,736.606,21237.828,25.695,0.348,10.997,5.0,BRUTE_FORCE
F42-526,TCP,85.907,18637.508,793.857,0.455,0.0,6.0,DOS
F42-527,TCP,209.684,20042.908,210.657,0.215,16.464,5.0,BRUTE_FORCE
F42-528,TCP,5160.824,3477019.412,276.929,0.059,0.0,3.0,EXFILTRATION
F42-529,TCP,68.359,909.305,22.853,0.864,0.0,19.279,PORT_SCAN
F42-530,TCP,85.152,128600.079,80.176,0.091,0.0,1.0,NORMAL
F42-531,TCP,35.289,506.354,1575.414,0.826,0.0,4.0,DOS
F42-532,TCP,372.797,4394.939,141.465,0.45,0.0,20.907,PORT_SCAN
F42-533,TCP,1140.459,505.179,6.401,0.348,0.0,68.079,PORT_SCAN
F42-534,TCP,449.11,5769.394,72.717,0.305,6.315,4.0,BRUTE_FORCE
F42-535,TCP,107.98,76685.268,53.66,0.149,0.0,6.0,NORMAL
F42-536,TCP,157.519,18361.106,783.312,0.512,4.0,3.0,DOS
F42-537,UDP,40.45,94878.393,32.316,0.251,0.0,1.0,NORMAL
F42-538,UDP,13.351,5767030.271,63.368,0.024,0.0,3.0,NORMAL
F42-539,TCP,327.252,426.612,191.54,0.767,0.0,36.778,PORT_SCAN
F42-540,TCP,74.325,631.831,748.348,0.945,0.0,6.0,DOS
F42-541,TCP,185.071,11190.297,3084.713,0.341,0.0,5.0,NORMAL
F42-542,TCP,1010.839,203160.134,79.899,0.21,15.769,4.0,BRUTE_FORCE
F42-543,TCP,72.191,3045.041,53.419,0.106,8.438,5.0,BRUTE_FORCE
F42-544,ICMP,448.344,1911.313,2703.861,0.328,0.0,6.0,NORMAL
F42-545,UDP,162.875,1036.371,74.772,0.35,0.0,191.46,PORT_SCAN
F42-546,ICMP,854.381,87273.917,64.351,0.138,0.0,2.0,NORMAL
F42-547,TCP,322.84,6527.838,73.104,0.163,13.451,2.0,BRUTE_FORCE
F42-548,TCP,106.396,8961.985,5.727,0.023,0.0,6.0,NORMAL
F42-549,UDP,4341.837,3012814.715,92.934,0.313,0.0,5.0,NORMAL
F42-550,TCP,10883.44,7101257.589,341.606,0.155,0.0,2.0,NORMAL
F42-551,TCP,215.494,475.54,15.29,0.512,0.0,42.174,PORT_SCAN
F42-552,TCP,94.477,29346.74,2217.337,0.721,0.0,2.0,DOS
F42-553,TCP,520.559,16308.469,77.874,0.24,8.741,3.0,BRUTE_FORCE
F42-554,TCP,605.069,4171.238,22.939,0.009,0.0,5.0,NORMAL
F42-555,TCP,65.202,172586.825,966.946,0.716,0.0,3.0,DOS
F42-556,ICMP,1274.758,14149.122,77.837,0.0,0.0,4.0,NORMAL
F42-557,TCP,149.464,5298.333,18.587,0.296,24.946,4.0,BRUTE_FORCE
F42-558,ICMP,1830.818,6652.779,51.878,0.259,0.0,1.0,NORMAL
F42-559,ICMP,325.825,2099.543,176.961,0.303,0.0,3.0,NORMAL
F42-560,TCP,602.622,4239.868,112.481,0.097,5.764,3.0,BRUTE_FORCE
F42-561,TCP,19.785,3760.257,40.112,0.255,5.091,2.0,BRUTE_FORCE
F42-562,TCP,1175.083,301604.531,13.561,0.165,0.0,4.0,NORMAL
F42-563,ICMP,2184.412,41187.559,25.201,0.232,0.0,1.0,NORMAL
F42-564,TCP,1780.152,4613.67,243.04,0.527,0.0,50.653,PORT_SCAN
F42-565,TCP,181.857,24122.183,763.107,0.986,0.0,6.0,DOS
F42-566,TCP,272.253,43680.421,142.063,0.023,0.0,1.0,NORMAL
F42-567,TCP,1837.202,4205443.623,164.311,0.04,0.0,2.0,EXFILTRATION
F42-568,TCP,128.421,3212.306,18.493,0.764,0.0,92.045,PORT_SCAN
F42-569,TCP,299.914,19910.649,29.668,0.299,0.0,6.0,NORMAL
F42-570,TCP,6646.764,1148997.165,97.271,0.342,0.0,3.0,EXFILTRATION
F42-571,TCP,2622.495,2244.449,191.748,0.176,4.0,6.0,NORMAL
F42-572,TCP,149.42,3784.956,317.57,0.022,0.0,6.0,NORMAL
F42-573,TCP,492.4,91336.669,60.274,0.244,0.0,3.0,NORMAL
F42-574,TCP,184.45,10408.6,20.946,0.324,12.052,5.0,BRUTE_FORCE
F42-575,TCP,353.837,9654.543,79.747,0.266,4.0,3.0,NORMAL
F42-576,TCP,526.96,4920.299,43.871,0.779,0.0,30.273,PORT_SCAN
F42-577,TCP,177.767,62280.275,3175.865,0.618,0.0,2.0,DOS
F42-578,TCP,625.335,95395.678,2537.882,0.161,0.0,4.0,NORMAL
F42-579,TCP,66.837,15589.494,35.939,0.042,0.0,2.0,NORMAL
F42-580,TCP,1857.107,6900.096,5.558,0.125,0.0,5.0,NORMAL
F42-581,TCP,1279.245,37876.6,106.372,0.245,0.0,2.0,NORMAL
F42-582,UDP,438.811,1006936.869,26.149,0.152,0.0,2.0,NORMAL
F42-583,TCP,876.428,2508.622,33.98,0.324,8.739,1.0,BRUTE_FORCE
F42-584,TCP,95.173,6048.843,13.566,0.634,0.0,60.372,PORT_SCAN
F42-585,ICMP,473.586,1518.566,73.752,0.227,0.0,5.0,NORMAL
F42-586,UDP,535.907,2755149.43,397.893,0.288,0.0,5.0,EXFILTRATION
F42-587,TCP,3403.249,1702041.849,29.621,0.339,0.0,3.0,EXFILTRATION
F42-588,TCP,2564.023,6421639.809,89.041,0.287,0.0,4.0,EXFILTRATION
F42-589,TCP,593.011,47944.124,104.808,0.109,0.0,3.0,NORMAL
F42-590,TCP,607.172,12318.955,29.268,0.006,0.0,1.0,NORMAL
F42-591,TCP,170.662,3660.567,16.011,0.228,0.0,1.0,NORMAL
F42-592,TCP,1383.753,694.564,51.166,0.522,0.0,79.469,PORT_SCAN
F42-593,TCP,343.235,10161.114,32.064,0.046,1.0,2.0,NORMAL
F42-594,TCP,2384.498,4257.721,20.337,0.334,0.0,6.0,NORMAL
F42-595,TCP,404.239,11790.704,9.301,0.804,0.0,48.444,PORT_SCAN
F42-596,TCP,6626.495,704.012,7.193,0.254,0.0,5.0,NORMAL
F42-597,TCP,229.507,16212.101,34.984,0.001,6.029,1.0,BRUTE_FORCE
F42-598,TCP,744.641,2504896.259,1340.098,0.028,0.0,3.0,NORMAL
F42-599,TCP,1028.011,5890.872,21.35,0.23,11.016,2.0,BRUTE_FORCE
F42-600,TCP,249.655,3748.765,994.878,0.486,0.0,1.0,DOS
F42-601,TCP,3189.507,5.7578601918E7,71.282,0.199,0.0,2.0,EXFILTRATION
F42-602,ICMP,298.967,5721.756,16.635,0.348,0.0,2.0,NORMAL
F42-603,TCP,9941.632,8739.513,74.656,0.093,12.134,4.0,BRUTE_FORCE
F42-604,TCP,477.488,4867.669,1957.575,0.915,0.0,1.0,DOS
F42-605,TCP,2347.888,3555.292,75.136,0.052,16.463,2.0,BRUTE_FORCE
F42-606,TCP,65.879,9357.9,1706.506,0.541,0.0,4.0,DOS
F42-607,TCP,321.606,6172.378,54.568,0.286,0.0,2.0,NORMAL
F42-608,TCP,689.185,81330.6,47.748,0.113,0.0,6.0,NORMAL
F42-609,TCP,250.359,11949.427,29.688,0.146,0.0,2.0,NORMAL
F42-610,TCP,598.174,612310.877,42.054,0.267,4.0,5.0,EXFILTRATION
F42-611,TCP,159.49,5701.101,53.726,0.129,0.0,5.0,NORMAL
F42-612,TCP,154.086,1385.919,3463.383,0.866,0.0,5.0,DOS
F42-613,TCP,854.378,13655.123,4.284,0.33,14.889,6.0,BRUTE_FORCE
F42-614,TCP,212.894,38853.22,579.97,0.504,0.0,1.0,DOS
F42-615,TCP,1426.997,23758.751,36.277,0.127,17.103,5.0,BRUTE_FORCE
F42-616,TCP,1009.118,65863.597,50.983,0.028,0.0,5.0,NORMAL
F42-617,TCP,81.446,5232.589,1069.161,0.835,0.0,6.0,DOS
F42-618,TCP,3283.216,87695.436,325.02,0.088,0.0,5.0,EXFILTRATION
F42-619,TCP,475.327,3420.248,39.975,0.062,0.0,6.0,NORMAL
F42-620,TCP,2266.133,1148.74,72.647,0.163,0.0,3.0,NORMAL
F42-621,TCP,223.834,4201.096,31.563,0.303,14.129,6.0,BRUTE_FORCE
F42-622,TCP,137.7,235063.453,117.523,0.062,0.0,5.0,NORMAL
F42-623,TCP,4091.673,1935281.496,15.903,0.207,0.0,5.0,EXFILTRATION
F42-624,TCP,399.357,2460.658,22.817,0.422,0.0,41.842,PORT_SCAN
F42-625,TCP,104.818,2419.109,28.281,0.069,2.199,3.0,BRUTE_FORCE
F42-626,TCP,198.982,1802.748,28.244,0.201,16.753,3.0,BRUTE_FORCE
F42-627,TCP,251.892,856989.127,227.288,0.264,0.0,2.0,EXFILTRATION
F42-628,TCP,49.517,17879.345,21.311,0.291,0.0,1.0,NORMAL
F42-629,ICMP,306.939,1802.828,10.48,0.078,0.0,2.0,NORMAL
F42-630,TCP,54.458,1479.679,1959.845,0.965,0.0,2.0,DOS
F42-631,TCP,589.973,543.611,15.218,0.174,14.886,2.0,BRUTE_FORCE
F42-632,TCP,2269.863,11453.179,13.902,0.109,0.0,2.0,NORMAL
F42-633,TCP,409.688,10804.227,7.843,0.319,0.0,4.0,NORMAL
F42-634,TCP,47.725,2475.565,21.638,0.206,0.0,1.0,NORMAL
F42-635,TCP,784.381,6328.817,102.389,0.649,0.0,12.101,PORT_SCAN
F42-636,TCP,11858.083,8439353.48,373.594,0.034,0.0,2.0,EXFILTRATION
F42-637,TCP,2012.526,4085.007,19.814,0.241,0.0,3.0,NORMAL
F42-638,TCP,1233.854,1302.327,22.5,0.307,0.0,3.0,NORMAL
F42-639,TCP,3930.145,2442552.25,46.259,0.067,0.0,2.0,EXFILTRATION
F42-640,ICMP,159.063,3862.735,29.564,0.057,0.0,2.0,NORMAL
F42-641,TCP,1155.352,3472.711,182.0,0.105,0.0,5.0,NORMAL
F42-642,TCP,75.786,29055.862,231.204,0.201,0.0,4.0,NORMAL
F42-643,TCP,350.381,10519.095,146.337,0.08,0.0,6.0,NORMAL
F42-644,TCP,46.179,6528.339,210.247,0.277,0.0,2.0,NORMAL
F42-645,TCP,366.502,801.532,8.391,0.147,0.0,3.0,NORMAL
F42-646,TCP,342.337,11433.175,54.779,0.321,13.448,6.0,BRUTE_FORCE
F42-647,TCP,103.741,2748.839,1191.091,0.6,0.0,2.0,DOS
F42-648,TCP,731.816,1182.746,20.247,0.763,0.0,28.982,PORT_SCAN
F42-649,UDP,1498.37,4799.43,57.664,0.102,0.0,5.0,NORMAL
F42-650,TCP,174.227,65372.187,14.403,0.344,0.0,5.0,NORMAL
F42-651,TCP,74.584,8064.733,409.72,0.482,0.0,1.0,DOS
F42-652,ICMP,501.633,360575.975,105.553,0.081,0.0,2.0,NORMAL
F42-653,UDP,2027.184,1.1565287495E7,12.152,0.314,0.0,6.0,EXFILTRATION
F42-654,ICMP,33.265,8853.987,4373.829,0.691,0.0,2.0,DOS
F42-655,TCP,67.139,5965.463,882.001,0.934,0.0,6.0,DOS
F42-656,TCP,336.09,622895.428,55.014,0.312,0.0,4.0,NORMAL
F42-657,TCP,1277.473,202829.164,46.035,0.026,0.0,1.0,NORMAL
F42-658,TCP,37.499,4982.033,666.667,0.856,0.0,1.0,DOS
F42-659,TCP,65.628,7671.073,7.337,0.241,0.0,2.0,NORMAL
F42-660,TCP,882.022,2231.117,45.07,0.296,0.0,3.0,NORMAL
F42-661,TCP,404.244,931.742,49.71,0.581,4.0,12.764,PORT_SCAN
F42-662,TCP,576.43,6253.143,91.398,0.506,0.0,17.881,PORT_SCAN
F42-663,TCP,1242.13,33745.258,12.969,0.311,0.0,5.0,NORMAL
F42-664,TCP,274.006,38387.514,82.275,0.103,0.0,3.0,NORMAL
F42-665,ICMP,852.709,148102.077,3.89,0.038,0.0,5.0,EXFILTRATION
F42-666,TCP,43.723,972.657,187.932,0.361,0.0,67.591,PORT_SCAN
F42-667,TCP,3148.091,9072.777,737.781,0.139,0.0,5.0,NORMAL
F42-668,TCP,754.082,1402.231,230.918,0.774,0.0,16.668,PORT_SCAN
F42-669,TCP,175.091,3496.32,49.992,0.092,24.357,2.0,BRUTE_FORCE
F42-670,TCP,2003.955,15768.787,98.012,0.076,0.0,6.0,NORMAL
F42-671,TCP,530.316,1827.305,39.837,0.359,0.0,36.204,PORT_SCAN
F42-672,TCP,780.604,31336.284,227.13,0.086,0.0,1.0,NORMAL
F42-673,TCP,77.223,7718.956,1226.282,0.841,0.0,2.0,DOS
F42-674,TCP,370.833,69188.456,46.923,0.19,0.0,4.0,NORMAL
F42-675,TCP,852.559,3274.09,20.505,0.158,0.0,1.0,NORMAL
F42-676,TCP,1255.223,27643.24,36.94,0.26,0.0,4.0,NORMAL
F42-677,TCP,3451.955,2460.527,167.048,0.274,0.0,6.0,NORMAL
F42-678,ICMP,1012.059,51818.433,60.653,0.327,0.0,6.0,NORMAL
F42-679,TCP,4438.751,2466368.169,53.202,0.141,0.0,4.0,EXFILTRATION
F42-680,TCP,465.885,3776.4,68.549,0.187,22.476,3.0,BRUTE_FORCE
F42-681,TCP,56.361,533221.676,1322.713,0.962,0.0,5.0,DOS
F42-682,TCP,259.931,51124.778,14.477,0.127,0.0,5.0,NORMAL
F42-683,TCP,25.166,2759.416,698.083,0.601,0.0,4.0,DOS
F42-684,TCP,110.16,1734.701,54.181,0.642,0.0,46.552,PORT_SCAN
F42-685,TCP,3789.938,1623.515,538.354,0.064,0.0,2.0,NORMAL
F42-686,TCP,1081.474,12656.654,12.454,0.108,0.0,2.0,NORMAL
F42-687,TCP,959.116,12495.442,110.025,0.024,4.0,1.0,NORMAL
F42-688,TCP,352.829,2250702.585,10.38,0.177,0.0,4.0,NORMAL
F42-689,TCP,463.245,6892.326,21.928,0.293,0.0,2.0,NORMAL
F42-690,UDP,37.982,25694.463,4236.432,0.199,0.0,1.0,NORMAL
F42-691,TCP,32.426,69144.192,1211.714,0.58,0.0,3.0,DOS
F42-692,TCP,54.705,135425.778,1891.419,0.451,0.0,2.0,DOS
F42-693,TCP,1456.083,3846387.862,161.048,0.318,0.0,3.0,EXFILTRATION
F42-694,ICMP,76.668,3883.062,773.568,0.871,0.0,2.0,DOS
F42-695,TCP,234.073,794.518,22.853,0.173,0.0,5.0,NORMAL
F42-696,TCP,2655.906,1061138.214,518.073,0.292,0.0,6.0,EXFILTRATION
F42-697,ICMP,2532.193,282798.436,41.129,0.152,0.0,2.0,NORMAL
F42-698,TCP,130.812,45165.574,1373.609,0.978,0.0,6.0,DOS
F42-699,TCP,934.964,429.315,36.201,0.424,0.0,32.385,PORT_SCAN
F42-700,TCP,15962.608,1416389.365,67.732,0.325,0.0,4.0,EXFILTRATION
F42-701,TCP,312.789,6781.174,18.322,0.105,0.0,2.0,NORMAL
F42-702,TCP,119.91,7372.956,1102.047,0.096,0.0,1.0,NORMAL
F42-703,TCP,149.145,830.04,34.936,0.194,17.722,1.0,BRUTE_FORCE
F42-704,TCP,747.218,4152.312,78.685,0.516,0.0,75.236,PORT_SCAN
F42-705,TCP,36.658,64338.729,934.762,0.542,0.0,2.0,DOS
F42-706,TCP,130.171,2244.618,12.579,0.183,0.0,4.0,NORMAL
F42-707,TCP,3775.549,2034.527,49.496,0.005,0.0,2.0,NORMAL
F42-708,UDP,396.95,35927.573,20.754,0.151,0.0,4.0,NORMAL
F42-709,TCP,197.859,8900.906,37.593,0.287,0.0,1.0,NORMAL
F42-710,TCP,174.234,36449.087,2537.97,0.519,0.0,4.0,DOS
F42-711,TCP,94.509,1551.882,333.355,0.505,0.0,2.0,DOS
F42-712,TCP,6386.708,1737451.175,84.323,0.31,0.0,1.0,EXFILTRATION
F42-713,TCP,1239.811,411.556,59.87,0.693,0.0,27.456,PORT_SCAN
F42-714,TCP,425.309,9047.17,75.362,0.242,0.0,3.0,NORMAL
F42-715,UDP,8137.743,1338056.216,54.485,0.285,0.0,3.0,EXFILTRATION
F42-716,TCP,141.794,1705.388,16.919,0.247,12.015,5.0,BRUTE_FORCE
F42-717,TCP,153.809,13635.827,272.918,0.648,0.0,6.0,DOS
F42-718,TCP,1189.91,11203.135,28.635,0.07,0.0,5.0,NORMAL
F42-719,UDP,1746.245,1.9372501892E7,79.887,0.319,2.0,4.0,EXFILTRATION
F42-720,UDP,1359.152,352.781,23.197,0.343,0.0,21.56,PORT_SCAN
F42-721,TCP,89.187,200.524,556.123,0.375,3.0,77.663,PORT_SCAN
F42-722,ICMP,546.052,7771.473,59.754,0.288,0.0,1.0,NORMAL
F42-723,UDP,32.519,776.417,2687.224,0.953,0.0,1.0,DOS
F42-724,TCP,1318.12,14374.832,42.228,0.277,0.0,6.0,NORMAL
F42-725,TCP,265.134,27812.556,8.806,0.152,10.584,1.0,BRUTE_FORCE
F42-726,TCP,117.845,3941.621,50.687,0.13,0.0,4.0,NORMAL
F42-727,TCP,5042.141,2729.186,15.162,0.038,0.0,4.0,NORMAL
F42-728,TCP,147.133,1161.558,13.004,0.756,0.0,35.228,PORT_SCAN
F42-729,ICMP,1085.582,16758.601,12.625,0.217,0.0,2.0,NORMAL
F42-730,TCP,177.587,7891.289,82.736,0.183,0.0,3.0,NORMAL
F42-731,ICMP,148.425,5929.322,46.981,0.662,0.0,36.087,PORT_SCAN
F42-732,TCP,39.215,2310.065,4744.587,0.453,0.0,4.0,DOS
F42-733,ICMP,2629.58,6460.474,1983.386,0.268,0.0,6.0,NORMAL
F42-734,TCP,237.019,4362.515,4.62,0.045,0.0,5.0,NORMAL
F42-735,TCP,778.971,5198.694,44.661,0.6,0.0,43.861,PORT_SCAN
F42-736,ICMP,558.304,112935.526,96.967,0.344,0.0,2.0,NORMAL
F42-737,TCP,2050.336,3288.209,103.014,0.068,0.0,4.0,NORMAL
F42-738,UDP,121.238,82135.874,126.199,0.155,0.0,1.0,NORMAL
F42-739,TCP,135.131,1061937.369,540.23,0.549,0.0,1.0,DOS
F42-740,TCP,586.296,32199.234,296.11,0.052,0.0,3.0,NORMAL
F42-741,UDP,265.402,27114.985,69.503,0.247,0.0,4.0,NORMAL
F42-742,ICMP,3489.612,38124.534,9.68,0.038,0.0,5.0,NORMAL
F42-743,TCP,2064.294,3475.778,49.375,0.248,16.52,3.0,BRUTE_FORCE
F42-744,TCP,243.827,4087.476,26.014,0.0,0.0,4.0,NORMAL
F42-745,TCP,363.203,6282.647,787.816,0.561,0.0,3.0,DOS
F42-746,TCP,118.104,947.637,27.058,0.318,3.651,1.0,BRUTE_FORCE
F42-747,TCP,1396.325,1514.699,38.075,0.78,0.0,115.0,PORT_SCAN
F42-748,TCP,3325.975,309.899,10.061,0.077,0.0,2.0,NORMAL
F42-749,TCP,967.59,1178.064,14.178,0.229,0.0,6.0,NORMAL
F42-750,TCP,101.931,1219.277,112.998,0.88,0.0,22.399,PORT_SCAN
F42-751,TCP,2128.125,7691.525,181.639,0.8,0.0,54.224,PORT_SCAN
F42-752,TCP,39.421,27324.739,459.364,0.511,0.0,3.0,DOS
F42-753,ICMP,5151.24,11346.776,444.201,0.155,0.0,2.0,NORMAL
F42-754,TCP,439.72,1430.693,286.264,0.121,0.0,6.0,NORMAL
F42-755,TCP,2166.764,1.172838979E7,9.95,0.104,0.0,3.0,EXFILTRATION
F42-756,TCP,3078.2,656685.378,18.159,0.071,1.0,5.0,EXFILTRATION
F42-757,ICMP,359.42,7806.505,100.963,0.116,0.0,3.0,NORMAL
F42-758,TCP,440.158,2272.553,9.999,0.106,0.0,4.0,NORMAL
F42-759,TCP,326.825,4182.918,31.318,0.687,0.0,42.685,PORT_SCAN
F42-760,TCP,213.802,62080.717,11.925,0.271,0.0,2.0,NORMAL
F42-761,TCP,252.88,183670.931,223.244,0.293,0.0,3.0,NORMAL
F42-762,TCP,1671.338,866638.437,16.038,0.211,0.0,4.0,EXFILTRATION
F42-763,TCP,157.492,62654.129,50.971,0.069,8.995,2.0,BRUTE_FORCE
F42-764,TCP,2394.335,2116480.205,128.692,0.221,0.0,5.0,EXFILTRATION
F42-765,TCP,291.699,27991.119,38.277,0.295,7.938,2.0,BRUTE_FORCE
F42-766,TCP,68.176,622.273,62.397,0.246,0.0,1.0,NORMAL
F42-767,TCP,310.602,1056.966,9.915,0.053,6.87,3.0,BRUTE_FORCE
F42-768,TCP,66.068,12210.719,34.305,0.2,0.0,4.0,NORMAL
F42-769,TCP,3520.298,8229.844,41.419,0.21,0.0,6.0,NORMAL
F42-770,TCP,1283.449,46805.296,17.725,0.113,9.177,2.0,BRUTE_FORCE
F42-771,TCP,1807.545,474035.308,50.325,0.219,0.0,5.0,EXFILTRATION
F42-772,TCP,6784.235,280.365,104.945,0.572,0.0,19.557,PORT_SCAN
F42-773,TCP,782.06,72073.206,21.971,0.318,0.0,4.0,NORMAL
F42-774,TCP,457.519,979.868,43.678,0.806,0.0,14.073,PORT_SCAN
F42-775,TCP,144.327,37908.172,53.963,0.087,8.868,3.0,BRUTE_FORCE
F42-776,UDP,52.73,3197.574,872.21,0.952,0.0,1.0,DOS
F42-777,UDP,2634.966,16631.998,12.251,0.002,0.0,6.0,NORMAL
F42-778,TCP,368.582,9135.316,25.651,0.111,0.0,5.0,NORMAL
F42-779,TCP,39.504,10139.702,455.08,0.653,0.0,5.0,DOS
F42-780,TCP,245.577,24823.887,16.011,0.023,8.174,2.0,BRUTE_FORCE
F42-781,TCP,401.231,2941.831,72.912,0.313,0.0,6.0,NORMAL
F42-782,TCP,396.018,759.954,73.988,0.093,0.0,3.0,NORMAL
F42-783,TCP,290.346,28571.761,86.368,0.118,0.0,1.0,NORMAL
F42-784,TCP,69.09,257381.094,102.031,0.248,15.365,6.0,BRUTE_FORCE
F42-785,TCP,3092.263,6558.03,36.295,0.2,0.0,5.0,NORMAL
F42-786,UDP,231.425,2385.575,729.025,0.56,0.0,4.0,DOS
F42-787,TCP,4903.526,513331.468,143.665,0.078,0.0,4.0,EXFILTRATION
F42-788,TCP,105.052,5230.045,1176.054,0.62,0.0,2.0,DOS
F42-789,TCP,34.203,2859.593,595.174,0.881,0.0,2.0,DOS
F42-790,TCP,70.922,2884.938,1414.386,0.742,0.0,2.0,DOS
F42-791,TCP,18.207,77863.727,23.665,0.137,0.0,5.0,NORMAL
F42-792,TCP,492.88,11027.826,144.795,0.191,21.414,3.0,BRUTE_FORCE
F42-793,TCP,950.795,10582.951,177.842,0.167,0.0,6.0,NORMAL
F42-794,TCP,70.207,82461.827,98.084,0.065,13.175,1.0,BRUTE_FORCE
F42-795,TCP,59.111,4861.272,30.746,0.325,0.0,2.0,NORMAL
F42-796,TCP,595.999,22508.099,157.988,0.285,0.0,2.0,NORMAL
F42-797,TCP,70.196,39987.002,1136.922,0.573,0.0,2.0,DOS
F42-798,TCP,2804.779,1443.056,40.244,0.623,0.0,44.632,PORT_SCAN
F42-799,TCP,2712.864,148999.196,207.108,0.125,0.0,5.0,NORMAL
F42-800,TCP,7608.475,2056122.07,6.001,0.093,0.0,5.0,EXFILTRATION
F42-801,UDP,5401.309,1012793.685,80.685,0.07,0.0,2.0,EXFILTRATION
F42-802,TCP,1606.098,867.256,127.725,0.885,0.0,27.826,PORT_SCAN
F42-803,TCP,19.876,19703.791,946.651,0.744,0.0,5.0,DOS
F42-804,TCP,8222.109,11413.856,129.77,0.276,4.165,6.0,BRUTE_FORCE
F42-805,TCP,95.297,823.355,95.518,0.192,0.0,3.0,NORMAL
F42-806,TCP,221.74,49802.381,100.657,0.168,0.0,3.0,NORMAL
F42-807,UDP,1150.383,70331.181,30.204,0.176,0.0,3.0,NORMAL
F42-808,ICMP,139.076,30039.123,1063.794,0.64,0.0,2.0,DOS
F42-809,TCP,549.848,3304.633,206.721,0.279,0.0,1.0,NORMAL
F42-810,TCP,1286.209,6807.872,14.003,0.313,0.0,4.0,NORMAL
F42-811,TCP,96.883,1666.52,79.327,0.805,0.0,60.478,PORT_SCAN
F42-812,TCP,56.06,5570.954,681.317,0.588,0.0,1.0,DOS
F42-813,ICMP,793.286,7377.289,29.99,0.027,0.0,5.0,NORMAL
F42-814,TCP,71.404,5650.903,573.212,0.724,0.0,6.0,DOS
F42-815,TCP,924.984,2731.852,22.69,0.645,0.0,61.604,PORT_SCAN
F42-816,TCP,160.866,3832.99,42.059,0.158,0.0,1.0,NORMAL
F42-817,ICMP,177.716,10863.049,60.861,0.291,0.0,6.0,NORMAL
F42-818,UDP,172.357,3047.969,10.255,0.23,0.0,2.0,NORMAL
F42-819,TCP,91.698,15349.049,90.289,0.221,0.0,5.0,NORMAL
F42-820,TCP,1531.099,1004.709,177.586,0.219,0.0,3.0,NORMAL
F42-821,TCP,1055.309,4762561.407,103.026,0.019,0.0,5.0,NORMAL
F42-822,TCP,171.987,2187.856,8.694,0.113,0.0,2.0,NORMAL
F42-823,ICMP,176.625,1.0157736214E7,73.589,0.078,0.0,6.0,NORMAL
F42-824,TCP,370.373,1943619.966,179.53,0.227,0.0,6.0,NORMAL
F42-825,TCP,296.658,3384.217,36.869,0.201,28.041,6.0,BRUTE_FORCE
F42-826,TCP,126.882,11097.022,86.27,0.125,22.799,5.0,BRUTE_FORCE
F42-827,TCP,985.95,965.465,10.853,0.849,0.0,125.27,PORT_SCAN
F42-828,UDP,986.961,33495.439,70.626,0.334,0.0,5.0,NORMAL
F42-829,TCP,417.97,2761.116,18.578,0.066,0.0,3.0,NORMAL
F42-830,TCP,94.334,3206.208,1202.581,0.94,0.0,1.0,DOS
F42-831,TCP,74.73,9481.021,638.042,0.571,3.0,6.0,DOS
F42-832,TCP,458.779,8294.129,30.996,0.271,0.0,2.0,NORMAL
F42-833,ICMP,1715.284,901.655,90.934,0.561,0.0,51.937,PORT_SCAN
F42-834,TCP,333.524,1739.324,15.805,0.607,0.0,116.02,PORT_SCAN
F42-835,TCP,386.112,52126.104,14.892,0.296,0.0,4.0,NORMAL
F42-836,TCP,1639.463,241.895,140.788,0.393,0.0,36.957,PORT_SCAN
F42-837,TCP,75.173,7367.407,1127.759,0.54,0.0,1.0,DOS
F42-838,TCP,1583.645,18324.179,47.465,0.241,0.0,4.0,NORMAL
F42-839,UDP,1954.444,1098956.49,43.552,0.203,0.0,5.0,EXFILTRATION
F42-840,TCP,738.615,3501.754,105.593,0.329,0.0,17.183,PORT_SCAN
F42-841,TCP,1129.974,6056.86,26.307,0.325,0.0,5.0,NORMAL
F42-842,TCP,235.658,49427.092,56.755,0.046,0.0,4.0,NORMAL
F42-843,TCP,10319.268,1.0031329037E7,11.736,0.019,0.0,3.0,EXFILTRATION
F42-844,TCP,90.881,2832.203,203.776,0.782,0.0,28.348,PORT_SCAN
F42-845,TCP,3414.757,2526324.459,60.434,0.21,0.0,4.0,EXFILTRATION
F42-846,TCP,63.013,49829.684,2620.764,0.738,4.0,5.0,DOS
F42-847,TCP,292.905,701.535,120.018,0.45,0.0,32.677,PORT_SCAN
F42-848,UDP,211.722,247321.761,2578.735,0.806,0.0,3.0,DOS
F42-849,TCP,830.283,273836.142,10.72,0.027,0.0,1.0,NORMAL
F42-850,TCP,356.77,6201.2,48.38,0.328,0.0,2.0,NORMAL
F42-851,TCP,1904.736,2169.298,29.435,0.087,0.0,2.0,NORMAL
F42-852,TCP,341.563,728790.206,8.085,0.35,0.0,4.0,NORMAL
F42-853,TCP,494.742,4629.235,40.763,0.037,0.0,6.0,NORMAL
F42-854,TCP,1493.766,276.666,47.029,0.872,0.0,91.33,PORT_SCAN
F42-855,TCP,166.044,42508.815,130.485,0.038,0.0,4.0,NORMAL
F42-856,TCP,277.996,10543.573,46.604,0.073,0.0,6.0,NORMAL
F42-857,TCP,99.882,13804.05,445.684,0.952,0.0,2.0,DOS
F42-858,ICMP,216.718,6136.483,22.446,0.301,0.0,48.3,PORT_SCAN
F42-859,ICMP,49.222,85971.126,56.234,0.18,3.0,4.0,NORMAL
F42-860,TCP,487.784,91898.673,40.763,0.087,0.0,4.0,NORMAL
F42-861,TCP,4629.426,12111.643,53.835,0.064,6.215,1.0,BRUTE_FORCE
F42-862,TCP,73.398,6628.814,46.91,0.154,11.691,3.0,BRUTE_FORCE
F42-863,TCP,320.312,2686.15,39.439,0.25,0.0,1.0,NORMAL
F42-864,TCP,843.698,23084.481,81.064,0.265,0.0,5.0,NORMAL
F42-865,TCP,98.355,631.138,60.535,0.362,0.0,66.58,PORT_SCAN
F42-866,TCP,1109.983,2662644.591,12.671,0.03,0.0,3.0,EXFILTRATION
F42-867,TCP,137.269,3810110.132,16.633,0.193,0.0,4.0,NORMAL
F42-868,TCP,255.726,4611.839,1587.053,0.241,0.0,1.0,NORMAL
F42-869,TCP,1032.895,1730.235,48.437,0.78,0.0,90.326,PORT_SCAN
F42-870,TCP,167.602,7246.297,52.762,0.187,12.477,3.0,BRUTE_FORCE
F42-871,TCP,11246.726,355.094,16.154,0.207,0.0,3.0,NORMAL
F42-872,TCP,795.996,658509.946,26.764,0.058,0.0,3.0,EXFILTRATION
F42-873,TCP,761.007,13018.17,14.624,0.042,0.0,5.0,NORMAL
F42-874,TCP,823.078,18710.799,69.16,0.129,0.0,3.0,NORMAL
F42-875,TCP,749.079,607.019,55.823,0.249,0.0,4.0,NORMAL
F42-876,TCP,1043.742,18742.596,14.781,0.149,22.57,6.0,BRUTE_FORCE
F42-877,TCP,556.509,42993.222,65.493,0.25,0.0,4.0,NORMAL
F42-878,TCP,321.06,1011.559,29.21,0.362,0.0,135.055,PORT_SCAN
F42-879,TCP,351.171,163142.426,1748.924,0.619,0.0,4.0,DOS
F42-880,TCP,24.375,18684.499,1314.791,0.869,0.0,1.0,DOS
F42-881,TCP,1442.649,9227.002,35.359,0.196,29.889,1.0,BRUTE_FORCE
F42-882,TCP,6209.873,1.8663884029E7,30.098,0.068,0.0,2.0,EXFILTRATION
F42-883,TCP,714.342,41817.294,191.615,0.102,0.0,5.0,NORMAL
F42-884,TCP,2018.258,42859.878,7.133,0.22,0.0,4.0,NORMAL
F42-885,TCP,2547.923,657.741,375.078,0.082,0.0,1.0,NORMAL
F42-886,TCP,1629.221,927.302,236.842,0.275,4.0,2.0,NORMAL
F42-887,ICMP,1043.997,10382.281,39.962,0.143,0.0,4.0,NORMAL
F42-888,TCP,533.074,6657.641,108.825,0.003,0.0,4.0,NORMAL
F42-889,TCP,324.98,2570.456,45.202,0.348,0.0,5.0,NORMAL
F42-890,UDP,86.99,8466.424,9.065,0.01,0.0,4.0,NORMAL
F42-891,TCP,113.876,1419.583,14.066,0.019,0.0,5.0,NORMAL
F42-892,TCP,472.383,2610.21,10.529,0.003,4.0,5.0,NORMAL
F42-893,TCP,797.77,15172.786,58.693,0.292,0.0,5.0,NORMAL
F42-894,TCP,2440.161,4817164.663,72.641,0.14,0.0,2.0,EXFILTRATION
F42-895,TCP,1824.138,573299.874,10.263,0.075,0.0,2.0,NORMAL
F42-896,TCP,36.145,50842.821,919.924,0.983,0.0,1.0,DOS
F42-897,TCP,1195.573,567.894,99.842,0.283,0.0,6.0,NORMAL
F42-898,TCP,278.412,12717.638,34.358,0.207,0.0,3.0,NORMAL
F42-899,ICMP,1378.018,4727079.559,42.234,0.162,4.0,3.0,EXFILTRATION
F42-900,TCP,2592.64,1593276.36,16.526,0.098,0.0,6.0,EXFILTRATION
F42-901,TCP,1220.503,2496721.757,8.239,0.346,0.0,6.0,EXFILTRATION
F42-902,TCP,80.815,417.214,2069.455,0.055,1.0,1.0,NORMAL
F42-903,TCP,230.674,64891.124,158.771,0.333,0.0,4.0,NORMAL
F42-904,TCP,1168.418,751.565,50.466,0.142,0.0,5.0,NORMAL
F42-905,TCP,1680.734,9985.978,40.692,0.025,0.0,6.0,NORMAL
F42-906,TCP,109.165,10293.263,36.987,0.125,0.0,6.0,NORMAL
F42-907,TCP,454.657,44830.558,49.031,0.014,9.407,5.0,BRUTE_FORCE
F42-908,TCP,808.032,20934.887,3.292,0.229,0.0,5.0,NORMAL
F42-909,TCP,3255.875,1151295.731,20.603,0.035,1.0,3.0,EXFILTRATION
F42-910,TCP,1915.366,9273.839,110.116,0.005,11.576,6.0,BRUTE_FORCE
F42-911,ICMP,84.403,2155.1,2932.604,0.641,0.0,3.0,DOS
F42-912,TCP,623.828,83941.449,103.671,0.302,0.0,6.0,NORMAL
F42-913,TCP,1871.757,1643.031,42.634,0.033,0.0,2.0,NORMAL
F42-914,TCP,223.677,12927.168,71.084,0.154,0.0,6.0,NORMAL
F42-915,ICMP,625.361,3525.944,557.476,0.226,0.0,6.0,NORMAL
F42-916,TCP,167.557,226.148,13.986,0.539,0.0,46.573,PORT_SCAN
F42-917,TCP,169.42,17126.987,94.546,0.109,8.996,6.0,BRUTE_FORCE
F42-918,ICMP,47.288,1268.436,1867.206,0.959,0.0,4.0,DOS
F42-919,TCP,572.037,2128541.737,60.376,0.026,0.0,4.0,EXFILTRATION
F42-920,TCP,542.689,614.1,3494.263,0.254,0.0,2.0,NORMAL
F42-921,TCP,358.913,1260.042,31.329,0.469,0.0,187.553,PORT_SCAN
F42-922,TCP,754.194,4517.554,204.325,0.149,6.76,6.0,BRUTE_FORCE
F42-923,TCP,633.411,15714.504,188.88,0.098,0.0,2.0,NORMAL
F42-924,TCP,116.456,14802.987,93.051,0.088,0.0,3.0,NORMAL
F42-925,TCP,1439.299,2520501.889,23.86,0.319,0.0,3.0,EXFILTRATION
F42-926,TCP,63.325,595.118,312.069,0.329,0.0,15.64,PORT_SCAN
F42-927,TCP,225.104,49469.318,126.802,0.334,0.0,6.0,NORMAL
F42-928,TCP,87.229,5569.402,36.241,0.14,0.0,5.0,NORMAL
F42-929,TCP,927.336,35950.678,19.033,0.295,2.0,1.0,NORMAL
F42-930,TCP,1865.87,6379.267,45.736,0.006,13.034,5.0,BRUTE_FORCE
F42-931,TCP,900.215,1663.323,317.566,0.725,0.0,88.829,PORT_SCAN
F42-932,TCP,175.637,19251.283,106.133,0.172,4.0,5.0,NORMAL
F42-933,TCP,877.306,66721.382,77.547,0.185,0.0,6.0,NORMAL
F42-934,UDP,974.304,8106.561,9.754,0.027,0.0,1.0,NORMAL
F42-935,TCP,3125.585,1475.468,60.731,0.222,0.0,6.0,NORMAL
F42-936,TCP,1665.989,4020.515,16.435,0.215,0.0,2.0,NORMAL
F42-937,TCP,1285.364,2018.068,41.499,0.243,0.0,3.0,NORMAL
F42-938,TCP,286.024,16199.677,111.379,0.344,11.893,2.0,BRUTE_FORCE
F42-939,ICMP,157.292,48548.062,25.549,0.284,0.0,4.0,NORMAL
F42-940,TCP,653.263,1391673.418,25.356,0.084,0.0,2.0,EXFILTRATION
F42-941,TCP,2426.729,8308.556,65.811,0.019,0.0,1.0,NORMAL
F42-942,TCP,2131.497,36627.458,41.173,0.028,0.0,4.0,NORMAL
F42-943,TCP,1044.566,21207.246,33.847,0.319,3.0,1.0,NORMAL
F42-944,TCP,366.869,3121.923,35.886,0.841,0.0,107.473,PORT_SCAN
F42-945,TCP,34.581,3838.222,42.845,0.862,0.0,133.344,PORT_SCAN
F42-946,TCP,350.482,44590.395,62.682,0.117,11.295,3.0,BRUTE_FORCE
F42-947,TCP,70.784,126250.38,40.371,0.237,0.0,2.0,NORMAL
F42-948,TCP,171.008,1631.0,35.781,0.616,0.0,20.124,PORT_SCAN
F42-949,TCP,41.452,859016.959,12.089,0.169,0.0,2.0,NORMAL
F42-950,TCP,10.826,25383.355,4286.326,0.963,0.0,1.0,DOS
F42-951,TCP,300.013,199651.619,106.133,0.289,0.0,6.0,NORMAL
F42-952,TCP,196.454,4728.559,50.339,0.265,5.436,6.0,BRUTE_FORCE
F42-953,TCP,439.766,668346.151,59.601,0.255,0.0,1.0,NORMAL
F42-954,ICMP,1131.226,6649154.298,78.776,0.162,0.0,5.0,EXFILTRATION
F42-955,TCP,805.249,1.0448381595E7,744.287,0.092,4.0,2.0,NORMAL
F42-956,TCP,149.03,12121.421,417.795,0.473,0.0,2.0,DOS
F42-957,TCP,284.236,696.58,7.348,0.409,0.0,84.157,PORT_SCAN
F42-958,TCP,161.581,3894.247,780.825,0.319,0.0,4.0,NORMAL
F42-959,TCP,39.682,44363.748,1617.923,0.504,0.0,2.0,DOS
F42-960,TCP,35.43,78645.144,622.719,0.107,0.0,6.0,NORMAL
F42-961,TCP,317.432,47229.965,2722.842,0.145,0.0,2.0,NORMAL
F42-962,UDP,2289.023,7144.409,721.963,0.044,0.0,5.0,NORMAL
F42-963,TCP,2111.673,4044244.438,26.873,0.147,0.0,2.0,EXFILTRATION
F42-964,ICMP,176.337,7648.077,8.989,0.088,0.0,1.0,NORMAL
F42-965,TCP,24.208,3520.625,1888.907,0.583,0.0,6.0,DOS
F42-966,TCP,1247.976,28100.118,38.742,0.246,0.0,2.0,NORMAL
F42-967,UDP,3051.661,2866.468,48.646,0.034,0.0,6.0,NORMAL
F42-968,TCP,379.0,2641.606,17.331,0.214,0.0,1.0,NORMAL
F42-969,TCP,217.016,4760.409,65.452,0.093,0.0,5.0,NORMAL
F42-970,TCP,34.054,83440.79,670.912,0.959,0.0,3.0,DOS
F42-971,UDP,218.342,1574.295,34.15,0.263,0.0,4.0,NORMAL
F42-972,ICMP,295.488,1281.607,423.109,0.013,0.0,5.0,NORMAL
F42-973,TCP,96.802,33193.076,27.66,0.189,0.0,6.0,NORMAL
F42-974,TCP,87.187,3333.44,1710.31,0.779,0.0,3.0,DOS
F42-975,UDP,91.101,4651.679,102.607,0.198,0.0,5.0,NORMAL
F42-976,UDP,5526.26,738997.908,46.811,0.053,0.0,3.0,EXFILTRATION
F42-977,TCP,1360.335,25176.001,44.63,0.301,14.725,2.0,BRUTE_FORCE
F42-978,TCP,1509.074,1110.217,15.725,0.619,0.0,19.57,PORT_SCAN
F42-979,TCP,2188.231,284.876,83.534,0.058,0.0,6.0,NORMAL
F42-980,TCP,1625.018,41306.578,101.04,0.055,0.0,1.0,NORMAL
F42-981,TCP,1656.392,3009.496,86.255,0.092,26.197,2.0,BRUTE_FORCE
F42-982,TCP,1281.314,81178.482,105.849,0.206,27.662,1.0,BRUTE_FORCE
F42-983,TCP,238.984,4969.161,686.506,0.8,3.0,1.0,DOS
F42-984,TCP,713.619,5059.625,86.666,0.169,0.0,4.0,NORMAL
F42-985,TCP,216.779,11359.92,85.51,0.217,24.489,2.0,BRUTE_FORCE
F42-986,TCP,420.416,1121.362,659.105,0.122,0.0,6.0,NORMAL
F42-987,TCP,3361.788,21444.957,135.761,0.08,0.0,3.0,NORMAL
F42-988,TCP,34.127,3558.794,320.44,0.513,0.0,5.0,DOS
F42-989,TCP,118.146,173694.584,13.953,0.135,15.156,5.0,BRUTE_FORCE
F42-990,ICMP,312.005,3970.971,128.295,0.604,0.0,39.956,PORT_SCAN
F42-991,ICMP,31.881,19821.258,4.094,0.254,0.0,4.0,NORMAL
F42-992,TCP,1530.111,628.447,28.023,0.689,0.0,55.459,PORT_SCAN
F42-993,TCP,393.736,1929.994,925.274,0.594,0.0,4.0,DOS
F42-994,TCP,498.258,11975.121,132.167,0.297,16.519,5.0,BRUTE_FORCE
F42-995,TCP,2489.441,343720.287,4.182,0.175,0.0,2.0,EXFILTRATION
F42-996,TCP,141.848,2497.549,16.265,0.042,10.722,1.0,BRUTE_FORCE
F42-997,ICMP,82.15,1482.677,26.262,0.581,0.0,70.428,PORT_SCAN
F42-998,TCP,731.757,2099.382,84.292,0.098,11.241,3.0,BRUTE_FORCE
F42-999,TCP,2980.819,103528.223,417.453,0.105,3.0,6.0,NORMAL
F42-1000,TCP,977.557,1100961.379,133.355,0.075,0.0,5.0,EXFILTRATION
F42-1001,TCP,257.304,1617.751,60.836,0.312,18.295,5.0,BRUTE_FORCE
F42-1002,TCP,323.95,13104.88,59.471,0.159,0.0,4.0,NORMAL
F42-1003,TCP,485.272,3126.485,67.626,0.024,29.968,4.0,BRUTE_FORCE
F42-1004,UDP,1532.543,2455.578,53.897,0.045,0.0,1.0,NORMAL
F42-1005,TCP,242.981,13660.983,78.521,0.229,0.0,5.0,NORMAL
F42-1006,TCP,138.443,51803.694,823.088,0.299,0.0,4.0,NORMAL
F42-1007,TCP,173.2,71042.832,326.089,0.941,0.0,1.0,DOS
F42-1008,UDP,263.805,35593.434,42.819,0.338,0.0,2.0,NORMAL
F42-1009,TCP,715.835,2842372.823,231.036,0.023,0.0,5.0,EXFILTRATION
F42-1010,TCP,491.039,354.209,78.2,0.317,0.0,117.611,PORT_SCAN
F42-1011,TCP,29.766,1882.092,85.044,0.156,0.0,6.0,NORMAL
F42-1012,TCP,860.658,67826.161,124.443,0.041,0.0,1.0,NORMAL
F42-1013,ICMP,737.493,77279.574,18.303,0.15,0.0,6.0,NORMAL
F42-1014,TCP,1022.805,47404.756,5.995,0.031,3.0,4.0,NORMAL
F42-1015,TCP,411.842,2501.157,35.904,0.223,0.0,4.0,NORMAL
F42-1016,ICMP,219.365,40722.926,48.714,0.324,0.0,2.0,NORMAL
F42-1017,TCP,143.048,68958.595,76.555,0.106,8.67,2.0,BRUTE_FORCE
F42-1018,TCP,3254.931,26710.818,25.257,0.099,0.0,2.0,NORMAL
F42-1019,TCP,689.037,39766.806,210.016,0.338,37.248,5.0,BRUTE_FORCE
F42-1020,TCP,82.799,6663.392,5412.404,0.596,2.0,3.0,DOS
F42-1021,TCP,2205.126,1837888.276,30.642,0.186,0.0,5.0,EXFILTRATION
F42-1022,TCP,359.602,2066.377,52.731,0.332,3.0,6.0,NORMAL
F42-1023,TCP,360.739,1932.339,314.146,0.168,12.506,1.0,BRUTE_FORCE
F42-1024,UDP,94.67,12698.634,22.21,0.32,0.0,5.0,NORMAL
F42-1025,TCP,1684.573,699691.421,113.004,0.12,0.0,2.0,EXFILTRATION
F42-1026,ICMP,31.509,136186.252,1038.319,0.784,0.0,2.0,DOS
F42-1027,TCP,299.982,6553.202,125.411,0.061,0.0,1.0,NORMAL
F42-1028,UDP,5016.548,4490463.416,660.844,0.169,0.0,3.0,EXFILTRATION
F42-1029,TCP,160.493,3404.202,9.872,0.003,0.0,3.0,NORMAL
F42-1030,ICMP,2528.492,3155835.554,71.025,0.104,0.0,4.0,EXFILTRATION
F42-1031,TCP,60.378,9573.939,60.673,0.408,0.0,50.641,PORT_SCAN
F42-1032,UDP,143.339,23128.497,605.494,0.312,0.0,2.0,NORMAL
F42-1033,TCP,191.703,2069.12,117.33,0.102,0.0,2.0,NORMAL
F42-1034,TCP,936.18,671.536,33.102,0.852,0.0,46.792,PORT_SCAN
F42-1035,TCP,2933.898,1403152.416,83.124,0.037,0.0,5.0,EXFILTRATION
F42-1036,TCP,140.323,44508.264,27.42,0.266,0.0,6.0,NORMAL
F42-1037,TCP,247.523,17227.055,41.223,0.29,2.0,5.0,NORMAL
F42-1038,ICMP,215.734,18286.106,389.283,0.738,0.0,5.0,DOS
F42-1039,TCP,881.541,810.812,5.71,0.594,0.0,27.608,PORT_SCAN
F42-1040,TCP,92.558,958.759,27.408,0.046,15.436,3.0,BRUTE_FORCE
F42-1041,TCP,354.406,736.967,91.177,0.831,0.0,43.655,PORT_SCAN
F42-1042,TCP,1617.713,14755.089,100.095,0.045,0.0,3.0,NORMAL
F42-1043,TCP,1247.456,615780.163,111.048,0.206,0.0,5.0,NORMAL
F42-1044,TCP,522.81,9315429.321,236.414,0.314,0.0,6.0,EXFILTRATION
F42-1045,TCP,407.339,2506.584,67.419,0.011,6.956,3.0,BRUTE_FORCE
F42-1046,ICMP,237.254,41358.201,13.004,0.199,0.0,4.0,NORMAL
F42-1047,TCP,283.662,346137.482,160.435,0.19,0.0,1.0,NORMAL
F42-1048,TCP,467.328,2953.005,26.35,0.253,7.098,3.0,BRUTE_FORCE
F42-1049,TCP,748.824,2.7680843658E7,30.39,0.013,0.0,4.0,NORMAL
F42-1050,TCP,211.164,788.761,69.623,0.724,3.0,101.849,PORT_SCAN
F42-1051,ICMP,69.338,12031.781,352.417,0.721,0.0,4.0,DOS
F42-1052,UDP,510.247,99361.463,66.477,0.19,0.0,5.0,NORMAL
F42-1053,TCP,225.239,7923.97,89.078,0.046,0.0,4.0,NORMAL
F42-1054,TCP,4036.167,32068.501,155.305,0.263,17.253,4.0,BRUTE_FORCE
F42-1055,TCP,1084.433,2583.341,48.461,0.317,0.0,5.0,NORMAL
F42-1056,TCP,1330.361,1402821.45,5.539,0.014,0.0,6.0,EXFILTRATION
F42-1057,TCP,111.755,36600.777,881.604,0.758,1.0,2.0,DOS
F42-1058,TCP,280.946,7560.098,14.412,0.349,0.0,4.0,NORMAL
F42-1059,TCP,1393.8,181462.502,24.831,0.051,20.057,3.0,BRUTE_FORCE
F42-1060,UDP,1369.085,5062.291,56.732,0.354,0.0,26.631,PORT_SCAN
F42-1061,TCP,483.652,3912.212,28.711,0.265,0.0,5.0,NORMAL
F42-1062,TCP,700.904,24282.167,31.283,0.332,0.0,6.0,NORMAL
F42-1063,TCP,1404.572,6791.535,201.727,0.154,0.0,1.0,NORMAL
F42-1064,TCP,577.618,122378.499,21.246,0.101,33.409,1.0,BRUTE_FORCE
F42-1065,TCP,42.735,31813.597,9.587,0.025,0.0,5.0,NORMAL
F42-1066,UDP,1812.71,890997.682,10.356,0.271,0.0,3.0,EXFILTRATION
F42-1067,TCP,2435.03,206626.254,105.476,0.167,10.397,3.0,BRUTE_FORCE
F42-1068,TCP,2547.414,21494.543,21.47,0.079,0.0,2.0,NORMAL
F42-1069,TCP,350.712,1979.717,33.676,0.124,11.115,1.0,BRUTE_FORCE
F42-1070,TCP,19391.607,3495394.895,21.564,0.214,0.0,2.0,EXFILTRATION
F42-1071,TCP,1726.679,2222.777,64.128,0.011,0.0,3.0,NORMAL
F42-1072,TCP,16.607,272.754,12.931,0.521,1.0,38.547,PORT_SCAN
F42-1073,TCP,279.134,20861.944,90.039,0.313,14.835,5.0,BRUTE_FORCE
F42-1074,TCP,86.454,150151.573,329.092,0.61,0.0,6.0,DOS
F42-1075,ICMP,59.894,52414.478,44.792,0.276,0.0,6.0,NORMAL
F42-1076,TCP,255.149,4314.624,12.064,0.046,33.716,3.0,BRUTE_FORCE
F42-1077,TCP,26.346,9627.27,258.954,0.986,0.0,2.0,DOS
F42-1078,TCP,73.713,40884.43,745.005,0.016,0.0,3.0,NORMAL
F42-1079,TCP,2311.504,49054.506,12.059,0.018,0.0,2.0,NORMAL
F42-1080,TCP,488.98,1280.445,67.951,0.808,1.0,37.106,PORT_SCAN
F42-1081,TCP,5212.573,3477664.413,170.714,0.228,0.0,1.0,EXFILTRATION
F42-1082,TCP,1671.038,3141836.93,47.751,0.096,0.0,5.0,EXFILTRATION
F42-1083,UDP,166.333,44495.902,72.921,0.275,0.0,3.0,NORMAL
F42-1084,TCP,537.834,2078.707,80.31,0.268,2.0,4.0,NORMAL
F42-1085,TCP,402.979,42622.35,20.602,0.341,0.0,5.0,NORMAL
F42-1086,TCP,1039.157,347.997,16.65,0.065,0.0,6.0,NORMAL
F42-1087,TCP,265.968,24619.682,26.094,0.114,24.289,1.0,BRUTE_FORCE
F42-1088,TCP,5653.7,2180093.131,72.85,0.279,0.0,4.0,EXFILTRATION
F42-1089,ICMP,79.233,53275.468,65.891,0.169,0.0,5.0,NORMAL
F42-1090,TCP,1167.988,32740.395,26.437,0.191,0.0,5.0,NORMAL
F42-1091,UDP,1490.12,19903.091,52.031,0.131,0.0,3.0,NORMAL
F42-1092,TCP,9109.179,985.698,34.962,0.073,0.0,1.0,NORMAL
F42-1093,TCP,683.633,753217.454,133.998,0.085,0.0,6.0,EXFILTRATION
F42-1094,TCP,647.49,6348.872,20.82,0.394,0.0,106.252,PORT_SCAN
F42-1095,TCP,1943.861,816.498,42.867,0.832,0.0,15.284,PORT_SCAN
F42-1096,TCP,407.819,57140.67,18.236,0.259,0.0,5.0,NORMAL
F42-1097,UDP,343.593,1975625.565,98.644,0.296,0.0,2.0,NORMAL
F42-1098,UDP,607.928,4695.564,5.967,0.025,0.0,5.0,NORMAL
F42-1099,TCP,812.083,2130.355,27.268,0.3,0.0,1.0,NORMAL
F42-1100,TCP,1050.794,7533.26,120.758,0.27,0.0,6.0,NORMAL
F42-1101,TCP,2771.75,7546.854,27.165,0.068,0.0,4.0,NORMAL
F42-1102,TCP,1126.45,1026213.248,168.044,0.252,0.0,3.0,EXFILTRATION
F42-1103,TCP,3983.727,4644568.941,78.083,0.071,0.0,4.0,EXFILTRATION
F42-1104,TCP,536.284,9465.31,25.711,0.1,0.0,1.0,NORMAL
F42-1105,TCP,3645.976,3252900.072,79.853,0.192,0.0,6.0,EXFILTRATION
F42-1106,TCP,310.985,15726.501,76.854,0.242,15.2,1.0,BRUTE_FORCE
F42-1107,TCP,29.406,10274.227,122.806,0.266,0.0,5.0,NORMAL
F42-1108,TCP,509.417,14934.34,6.809,0.284,0.0,6.0,NORMAL
F42-1109,UDP,1245.779,192213.832,448.894,0.319,0.0,5.0,NORMAL
F42-1110,TCP,129.524,9474.299,23.182,0.006,0.0,5.0,NORMAL
F42-1111,TCP,1740.519,9857.0,18.972,0.19,6.59,4.0,BRUTE_FORCE
F42-1112,TCP,388.177,1115.485,69.787,0.774,0.0,57.648,PORT_SCAN
F42-1113,TCP,269.241,6937.408,378.654,0.153,11.37,2.0,BRUTE_FORCE
F42-1114,ICMP,34.878,5972.137,805.251,0.98,0.0,4.0,DOS
F42-1115,TCP,216.293,2164.957,918.731,0.188,0.0,5.0,NORMAL
F42-1116,TCP,122.207,100.064,9.044,0.073,25.064,3.0,BRUTE_FORCE
F42-1117,TCP,1636.406,2055313.057,71.122,0.211,0.0,2.0,EXFILTRATION
F42-1118,TCP,1125.668,28512.27,27.603,0.231,0.0,5.0,NORMAL
F42-1119,UDP,1261.722,3.0604854903E7,69.182,0.235,0.0,4.0,EXFILTRATION
F42-1120,TCP,400.602,2203.528,57.981,0.881,0.0,44.006,PORT_SCAN
F42-1121,TCP,229.471,163945.72,187.155,0.209,0.0,5.0,NORMAL
F42-1122,TCP,2297.361,238248.251,22.285,0.275,0.0,1.0,EXFILTRATION
F42-1123,TCP,220.892,1183.625,16.459,0.249,0.0,4.0,NORMAL
F42-1124,TCP,1773.851,411.258,5.803,0.18,0.0,1.0,NORMAL
F42-1125,UDP,1979.363,1737444.452,72.716,0.261,0.0,6.0,EXFILTRATION
F42-1126,TCP,167.265,146025.924,36.677,0.014,0.0,5.0,NORMAL
F42-1127,TCP,2460.621,1254.892,54.542,0.026,2.0,3.0,NORMAL
F42-1128,UDP,1518.708,977791.108,26.543,0.231,0.0,1.0,EXFILTRATION
F42-1129,TCP,3098.06,101024.902,62.129,0.304,50.237,3.0,BRUTE_FORCE
F42-1130,TCP,47.94,3586.002,329.291,0.308,0.0,3.0,NORMAL
F42-1131,TCP,285.285,702.337,61.752,0.739,0.0,27.22,PORT_SCAN
F42-1132,TCP,3999.915,1627.009,20.973,0.104,0.0,3.0,NORMAL
F42-1133,TCP,4425.025,1409.274,30.319,0.85,0.0,72.118,PORT_SCAN
F42-1134,UDP,320.399,812.632,22.819,0.768,0.0,33.452,PORT_SCAN
F42-1135,TCP,856.831,1375626.662,27.74,0.034,0.0,5.0,EXFILTRATION
F42-1136,TCP,917.217,3591.985,57.663,0.298,0.0,5.0,NORMAL
F42-1137,TCP,203.849,3392.235,118.612,0.317,0.0,4.0,NORMAL
F42-1138,TCP,2273.149,555.11,24.288,0.548,0.0,74.22,PORT_SCAN
F42-1139,TCP,3435.602,27421.996,31.984,0.327,0.0,6.0,NORMAL
F42-1140,TCP,1038.924,2746101.618,174.717,0.293,0.0,6.0,EXFILTRATION
F42-1141,TCP,282.502,849.54,39.057,0.518,4.0,121.175,PORT_SCAN
F42-1142,ICMP,219.641,21982.176,1125.903,0.822,0.0,2.0,DOS
F42-1143,TCP,138.428,1016.691,4751.012,0.695,0.0,2.0,DOS
F42-1144,UDP,516.285,835.449,277.132,0.189,0.0,6.0,NORMAL
F42-1145,TCP,554.42,554.143,85.761,0.05,2.456,6.0,BRUTE_FORCE
F42-1146,TCP,65.776,6219.136,1773.086,0.655,0.0,3.0,DOS
F42-1147,ICMP,553.351,231.976,85.765,0.804,0.0,65.587,PORT_SCAN
F42-1148,ICMP,52.202,70472.127,127.136,0.313,0.0,4.0,NORMAL
F42-1149,TCP,1201.657,19587.637,128.716,0.272,0.0,5.0,NORMAL
F42-1150,UDP,246.798,18149.046,17.223,0.101,0.0,4.0,NORMAL
F42-1151,UDP,267.979,17504.835,18.999,0.774,0.0,45.202,PORT_SCAN
F42-1152,ICMP,7471.22,1567282.824,58.085,0.238,0.0,5.0,EXFILTRATION
F42-1153,TCP,229.05,1800.386,271.419,0.31,0.0,49.61,PORT_SCAN
F42-1154,ICMP,60.053,5937.504,989.738,0.854,0.0,3.0,DOS
F42-1155,ICMP,30.28,689233.197,549.274,0.594,0.0,2.0,DOS
F42-1156,TCP,125.68,54262.768,1350.783,0.935,0.0,4.0,DOS
F42-1157,TCP,751.461,6977.437,92.539,0.218,12.936,3.0,BRUTE_FORCE
F42-1158,TCP,794.7,3651.464,217.881,0.24,15.413,5.0,BRUTE_FORCE
F42-1159,TCP,2591.235,931823.235,340.014,0.13,0.0,2.0,EXFILTRATION
F42-1160,TCP,477.925,2648.983,72.3,0.315,0.0,4.0,NORMAL
F42-1161,TCP,1328.395,8217.438,11.351,0.284,0.0,1.0,NORMAL
F42-1162,TCP,261.056,4274.51,95.677,0.283,23.467,2.0,BRUTE_FORCE
F42-1163,TCP,17.87,1636403.114,151.7,0.153,2.0,6.0,NORMAL
F42-1164,TCP,346.016,1622.17,244.921,0.006,0.0,2.0,NORMAL
F42-1165,UDP,26.525,20885.722,414.034,0.744,0.0,3.0,DOS
F42-1166,TCP,2569.994,1569.915,64.68,0.036,30.878,2.0,BRUTE_FORCE
F42-1167,TCP,294.972,25374.762,1136.194,0.788,0.0,5.0,DOS
F42-1168,TCP,84.626,17497.216,67.917,0.271,22.867,1.0,BRUTE_FORCE
F42-1169,TCP,1573.32,2100.311,7.217,0.337,0.0,2.0,NORMAL
F42-1170,TCP,420.755,1065.946,36.561,0.59,0.0,147.229,PORT_SCAN
F42-1171,TCP,45.707,4182.73,43.517,0.108,4.0,4.0,NORMAL
F42-1172,ICMP,205.039,12830.758,543.724,0.874,0.0,3.0,DOS
F42-1173,UDP,414.483,1761.434,85.841,0.508,0.0,59.199,PORT_SCAN
F42-1174,TCP,2940.01,11225.675,69.301,0.109,0.0,4.0,NORMAL
F42-1175,TCP,3017.681,4300.899,156.894,0.048,18.09,4.0,BRUTE_FORCE
F42-1176,TCP,210.844,2440.369,194.537,0.127,0.0,4.0,NORMAL
F42-1177,TCP,266.298,822969.762,92.394,0.293,0.0,6.0,EXFILTRATION
F42-1178,UDP,3826.132,683068.489,41.202,0.284,0.0,6.0,EXFILTRATION
F42-1179,ICMP,514.334,7961.058,6379.388,0.095,0.0,4.0,NORMAL
F42-1180,TCP,47.899,288.464,243.776,0.279,0.0,5.0,NORMAL
F42-1181,TCP,311.043,13698.09,53.006,0.295,19.071,3.0,BRUTE_FORCE
F42-1182,ICMP,2943.9,1193922.558,40.22,0.063,0.0,3.0,EXFILTRATION
F42-1183,TCP,66.027,87867.223,77.577,0.313,0.0,1.0,NORMAL
F42-1184,TCP,1314.985,22788.311,5.611,0.324,0.0,1.0,NORMAL
F42-1185,TCP,672.006,17663.252,7.93,0.203,0.0,1.0,NORMAL
F42-1186,TCP,1780.237,7333891.73,56.109,0.298,0.0,1.0,EXFILTRATION
F42-1187,ICMP,139.793,290366.44,41.478,0.32,0.0,3.0,NORMAL
F42-1188,UDP,2209.28,12272.871,214.824,0.275,0.0,5.0,NORMAL
F42-1189,UDP,398.974,67282.654,30.244,0.306,0.0,4.0,NORMAL
F42-1190,TCP,48.112,109216.326,727.137,0.92,0.0,3.0,DOS
F42-1191,TCP,265.766,36463.2,66.351,0.202,0.0,2.0,NORMAL
F42-1192,TCP,555.566,2360.798,187.403,0.363,0.0,123.758,PORT_SCAN
F42-1193,ICMP,305.005,106420.945,195.664,0.335,0.0,1.0,NORMAL
F42-1194,TCP,73.735,23313.881,30.401,0.092,0.0,2.0,NORMAL
F42-1195,UDP,111.869,33526.054,21.256,0.211,0.0,5.0,NORMAL
F42-1196,TCP,4847.632,894.25,72.807,0.144,0.0,5.0,NORMAL
F42-1197,ICMP,81.36,753.904,58.489,0.308,0.0,96.475,PORT_SCAN
F42-1198,TCP,105.516,15187.106,30.169,0.105,0.0,3.0,NORMAL
F42-1199,TCP,1530.338,16377.532,293.109,0.146,34.189,6.0,BRUTE_FORCE
F42-1200,TCP,52.455,9034.386,319.821,0.717,0.0,6.0,DOS
